"scope","device_id","mpn","quantity","lifecycle","qualification","orderable_evidence","cost_evidence","alternate_evidence","placements"
"base_product","abracon_abm8_26mhz_10_d_1_g_t","Abracon ABM8-26.000MHZ-10-D-1-G-T","1","active_orderable","verified_exact_cc_reference_crystal","present","missing","missing","cc_crystal"
"base_product","adi_ad8314acpz_rl7","Analog Devices AD8314ACPZ-RL7","5","production_active_orderable","verified_exact_wideband_rf_power_detector","present","missing","missing","det_cc;det_nrf0;det_nrf1;det_nrf2;det_voice"
"base_product","adi_ltc5532_es6_trmpbf","LTC5532ES6#TRMPBF","2","production","verified_candidate","missing","missing","missing","det_c5;det_s3"
"base_product","adi_max17320_g20_t","Analog Devices MAX17320G20+T","1","recommended_for_new_designs","verified_candidate","present","missing","missing","pack_gauge"
"base_product","alps_ec11e18244au","Alps Alpine EC11E18244AU","1","active_standard","verified_first_target_mechanical_fit_hil_open","missing","missing","missing","encoder"
"base_product","alps_skqgade010","Alps Alpine SKQGADE010","6","standard_active_orderable","verified_exact_service_boot_reset_switch","present","missing","missing","c5_boot_button;c5_reset_button;rp_boot_button;rp_reset_button;s3_boot_button;s3_reset_button"
"base_product","bourns_crm2512_fx_20r0elf","Bourns CRM2512-FX-20R0ELF","2","active","verified_candidate","present","missing","missing","pack_diag_res0;pack_diag_res1"
"base_product","cc1101rgpr","CC1101RGPR","1","active","verified_candidate","missing","missing","missing","cc"
"base_product","ck_y78b23214fp","C&K Y78B23214FP","11","active_orderable","verified_first_target_mechanical_cap_and_enclosure_hil_open","present","missing","missing","ptt_switch;rearm_switch;ui_switch_back;ui_switch_down;ui_switch_f1;ui_switch_f2;ui_switch_left;ui_switch_ok;ui_switch_opt;ui_switch_right;ui_switch_up"
"base_product","diodes_2n7002dw_7_f","Diodes Incorporated 2N7002DW-7-F","3","active","verified_candidate","missing","missing","missing","pack_hold;safe_reset_sink_a;safe_reset_sink_b"
"base_product","diodes_bat54_7_f","Diodes Incorporated BAT54-7-F","4","active","verified_candidate","missing","missing","missing","cc_evidence_hold_diode;nrf_evidence_hold_diode;pack_system_diode;voice_evidence_hold_diode"
"base_product","diodes_dmn2056u_7","Diodes Incorporated DMN2056U-7","3","active","verified_candidate","present","missing","missing","backlight_mosfet;ir_tx_mosfet;pack_diag_switch"
"base_product","diodes_mmbt3904_7_f","Diodes Incorporated MMBT3904-7-F","2","active","verified_candidate","present","missing","missing","ext_pg_qualifier;voice_pg_qualifier"
"base_product","diodes_pam8302a_ascr","Diodes Incorporated PAM8302AASCR","1","active","verified_reference","missing","missing","missing","speaker_amp"
"base_product","ebyte_e01_ml01ipx","Ebyte E01-ML01IPX","3","nrf24_family_not_recommended_for_new_designs","verified_reference","missing","missing","missing","nrf0;nrf1;nrf2"
"base_product","epson_q13fc13500005","Seiko Epson Q13FC13500005","1","active_orderable","verified_candidate","missing","missing","missing","receiver_clock"
"base_product","esp32_c5_wroom_1u_n8r8","ESP32-C5-WROOM-1U-N8R8","1","active_candidate_revision_floor_v1_2","verified_candidate","missing","missing","missing","c5"
"base_product","esp32_s3_wroom_1u_n16r2","ESP32-S3-WROOM-1U-N16R2","1","active","verified_candidate","missing","missing","missing","s3"
"base_product","everest_es8311_qfn20","Everest Semiconductor ES8311","1","current manufacturer product brief revision 17.0 dated 2026-02; production sourcing and lot qualification remain open","verified_candidate","missing","missing","missing","codec"
"base_product","gct_usb4105_gf_a","GCT USB4105-GF-A","2","active_orderable","verified_exact_service_usb_receptacle","present","missing","missing","c5_service_usb_connector;rp_service_usb_connector"
"base_product","hirose_dm3at_sf_pejm5","Hirose DM3AT-SF-PEJM5","1","active","verified_candidate","present","missing","missing","sd"
"base_product","hirose_fh12_40s_0_5sh_55","Hirose FH12-40S-0.5SH(55)","1","active; exact HMX035CTFT-001 tail thickness, exposed-contact side, stiffener and insertion fit remain specimen HIL","verified_first_fit_candidate","present","missing","missing","display_connector"
"base_product","hirose_ufl_r_smt_1_10","Hirose U.FL-R-SMT-1(10)","2","active_orderable","verified_exact_native_rf_board_mate","present","missing","missing","c5_rf_board_connector;s3_rf_board_connector"
"base_product","infineon_bgs13sn8e6327xtsa1","Infineon BGS13SN8E6327XTSA1","2","active_orderable","verified_exact_cc_dual_ended_band_switch","present","missing","missing","cc_switch_a;cc_switch_b"
"base_product","jae_dx07s016ja1r1500","JAE DX07S016JA1R1500","1","active","verified_candidate","present","missing","missing","product_usb_connector"
"base_product","kemet_c0402c102k5ractu","KEMET C0402C102K5RACTU","2","active","verified_candidate","present","missing","missing","charger_sdrv_cap;ir_evidence_feedback_cap"
"base_product","kemet_c0402c330j5gactu","KEMET C0402C330J5GACTU","5","active","verified_candidate","present","missing","missing","c5_detector_output_cap;ext_buck_ff_cap;main_ff_cap;s3_detector_output_cap;voice_ff_cap"
"base_product","keystone_1048p","Keystone Electronics 1048P","1","active","verified_mechanical_reference","present","missing","missing","pack_holder"
"base_product","kyocera_avx_cp0603q5425entr","KYOCERA AVX CP0603Q5425ENTR","2","active_orderable","verified_exact_native_rf_forward_coupler","present","missing","missing","c5_rf_coupler;s3_rf_coupler"
"base_product","liteon_ltst_c190kfkt","LTST-C190KFKT","1","active","verified_candidate","missing","missing","missing","stop_led"
"base_product","liteon_ltst_c190krkt","LTST-C190KRKT","1","active","verified_candidate","missing","missing","missing","any_tx_led"
"base_product","littelfuse_0451005_mrl","Littelfuse 0451005.MRL","2","active","verified_candidate","missing","missing","missing","pack_fuse0;pack_fuse1"
"base_product","littelfuse_sesd0402x1un_0020_090","Littelfuse SESD0402X1UN-0020-090","3","active_orderable","verified_exact_cc_external_rf_esd","present","missing","missing","cc_rf_esd;receiver_ami_esd;receiver_fmi_esd"
"optional_external_accessory","m5_u214","M5Stack U214 Cap LoRa-1262","1","active","verified_candidate","missing","missing","missing","u214"
"base_product","murata_blm18pg181sn1d","Murata BLM18PG181SN1D","4","active_orderable","verified_candidate","present","missing","missing","codec_avdd_bead;codec_dvdd_bead;speaker_output_bead_n;speaker_output_bead_p"
"base_product","murata_gjm1555c1h100jb01d","Murata GJM1555C1H100JB01D","1","active_orderable","verified_exact_cc_matching_passive","present","missing","missing","cc_433_shunt_c10p"
"base_product","murata_gjm1555c1h101jb01d","Murata GJM1555C1H101JB01D","2","active_orderable","verified_exact_cc_rf_dc_block_passive","present","missing","missing","cc_rf_n_dc_block;cc_rf_p_dc_block"
"base_product","murata_gjm1555c1h150jb01d","Murata GJM1555C1H150JB01D","2","active_orderable","verified_exact_cc_crystal_load_passive","present","missing","missing","cc_crystal_load_q1;cc_crystal_load_q2"
"base_product","murata_gjm1555c1h1r2bb01d","Murata GJM1555C1H1R2BB01D","1","active_orderable","verified_exact_cc_matching_passive","present","missing","missing","cc_match_c1p2"
"base_product","murata_gjm1555c1h6r2db01d","Murata GJM1555C1H6R2DB01D","1","active_orderable","verified_exact_cc_matching_passive","present","missing","missing","cc_433_shunt_c6p2"
"base_product","murata_gjm1555c1h8r0db01d","Murata GJM1555C1H8R0DB01D","1","active_orderable","verified_exact_cc_matching_passive","present","missing","missing","cc_315_shunt_c8p"
"base_product","murata_gjm1555c1hr47bb01d","Murata GJM1555C1HR47BB01D","1","active_orderable","verified_exact_cc_detector_tap_passive","present","missing","missing","cc_detector_tap_cap"
"base_product","murata_gjm1555c1hr60bb01d","Murata GJM1555C1HR60BB01D","1","active_orderable","verified_exact_cc_matching_passive","present","missing","missing","cc_rf_diff_cap"
"base_product","murata_grm1555c1h102ja01d","Murata GRM1555C1H102JA01D","1","active_orderable","verified_exact_si4732_fmi_first_target","present","missing","missing","receiver_fmi_coupling_cap"
"base_product","murata_grm1555c1h121ja01d","Murata GRM1555C1H121JA01D","7","active","verified_candidate","present","missing","missing","cc_detector_filter;main_efuse_itimer_cap;nrf0_detector_filter;nrf1_detector_filter;nrf2_detector_filter;voice_detector_filter;voice_efuse_itimer_cap"
"base_product","murata_grm1555c1h220ja01d","Murata GRM1555C1H220JA01D","2","active_orderable","verified_candidate","missing","missing","missing","receiver_clock_cap_gpo3;receiver_clock_cap_rclk"
"base_product","murata_grm1555c1h221ja01d","Murata GRM1555C1H221JA01D","4","active","verified_candidate","present","missing","missing","pd_cc1_cap;pd_cc2_cap;speaker_output_cap_n;speaker_output_cap_p"
"base_product","murata_grm1555c1h390ja01d","Murata GRM1555C1H390JA01D","2","active_orderable","verified_exact_ltc5532_rf_input_coupling_capacitor","present","missing","missing","c5_detector_input_cap;s3_detector_input_cap"
"base_product","murata_grm155r71a474ke01d","Murata GRM155R71A474KE01D","1","active_orderable","verified_exact_si4732_ami_first_target","present","missing","missing","receiver_ami_coupling_cap"
"base_product","murata_grm155r71e473ka88d","Murata GRM155R71E473KA88D","2","active","verified_candidate","present","missing","missing","charger_btst1_cap;charger_btst2_cap"
"base_product","murata_grm155r71h103ka88d","Murata GRM155R71H103KA88D","7","active","verified_candidate","present","missing","missing","codec_tx_filter;pack_mid_adc_filter;pack_stack_adc_filter;stop_filter_cap;u214_supervisor_ct;unit_supervisor_ct;voice_supervisor_ct"
"base_product","murata_grm155r71h472ka01d","Murata GRM155R71H472KA01D","4","active","verified_candidate","present","missing","missing","ext_dvdt_cap;main_efuse_dvdt_cap;unit_dvdt_cap;voice_efuse_dvdt_cap"
"base_product","murata_grm188r60j106me47d","Murata GRM188R60J106ME47D","16","active","verified_candidate","present","missing","missing","aon_efuse_output_cap;backlight_efuse_output_bulk;codec_power_output_cap;display_logic_bulk_cap;ir_power_output_cap;main_efuse_output_cap;microphone_bias_filter_cap;nrf0_module_bulk_cap;nrf1_module_bulk_cap;nrf2_module_bulk_cap;pd_ldo1v5_cap;pd_ldo3v3_cap;pd_vin_cap;receiver_power_output_cap;speaker_amp_bulk_cap;voice_efuse_output_cap"
"base_product","murata_grm188r71e224ka88d","Murata GRM188R71E224KA88D","2","active","verified_candidate","present","missing","missing","ext_itimer_cap;unit_itimer_cap"
"base_product","murata_grm188z71a475me15d","Murata GRM188Z71A475ME15D","2","active_stocked_orderable","verified_exact_ir_receiver_filter_capacitor","present","missing","missing","ir_carrier_supply_cap;ir_demod_supply_cap"
"base_product","murata_grm21br60j226me39l","Murata GRM21BR60J226ME39L","5","active","verified_candidate","present","missing","missing","headphone_l_coupling0;headphone_l_coupling1;headphone_r_coupling0;headphone_r_coupling1;sd_power_bulk_cap"
"base_product","murata_grm21br71e225ke11l","Murata GRM21BR71E225KE11L","4","active","verified_candidate","present","missing","missing","ext_input_cap;ext_output_cap;unit_input_cap;unit_output_cap"
"base_product","murata_grm31c5c1h224je02l","Murata GRM31C5C1H224JE02L","1","active","verified_candidate","present","missing","missing","pack_diag_timer_cap"
"base_product","murata_grm31cr71a226ke15l","Murata GRM31CR71A226KE15L","1","active","verified_candidate","present","missing","missing","aon_output_cap"
"base_product","murata_grm31cr71e106ma12l","Murata GRM31CR71E106MA12L","12","active","verified_candidate","present","missing","missing","charger_bat_cap0;charger_bat_cap1;charger_pmid_cap0;charger_pmid_cap1;charger_pmid_cap2;charger_sys_cap0;charger_sys_cap1;charger_sys_cap2;charger_sys_cap3;charger_sys_cap4;charger_vbus_cap0;charger_vbus_cap1"
"base_product","murata_grm32er71e226ke15l","Murata GRM32ER71E226KE15L","13","active","verified_candidate","present","missing","missing","ext_buck_input_cap;ext_buck_output_cap0;ext_buck_output_cap1;main_input_cap;main_output_cap0;main_output_cap1;pd_pphv_cap0;pd_pphv_cap1;pd_pphv_cap2;pd_pphv_cap3;voice_input_cap;voice_output_cap0;voice_output_cap1"
"base_product","murata_lqg15hs10nj02d","Murata LQG15HS10NJ02D","3","active_orderable","verified_exact_cc_matching_passive","present","missing","missing","cc_315_l10_in;cc_315_l10_out;cc_868_915_l10"
"base_product","murata_lqg15hs15nj02d","Murata LQG15HS15NJ02D","1","active_orderable","verified_exact_cc_matching_passive","present","missing","missing","cc_433_l15"
"base_product","murata_lqg15hs2n2s02d","Murata LQG15HS2N2S02D","1","active_orderable","verified_exact_cc_matching_passive","present","missing","missing","cc_output_l2n2"
"base_product","murata_lqg15hs3n3s02d","Murata LQG15HS3N3S02D","1","active_orderable","verified_exact_cc_matching_passive","present","missing","missing","cc_match_l3n3"
"base_product","murata_lqg15hs3n6s02d","Murata LQG15HS3N6S02D","1","active_orderable","verified_exact_cc_matching_passive","present","missing","missing","cc_315_shunt_l3n6"
"base_product","murata_lqg15hs6n8j02d","Murata LQG15HS6N8J02D","1","active_orderable","verified_exact_cc_matching_passive","present","missing","missing","cc_match_l6n8"
"base_product","murata_lqw15an56nj00d","Murata LQW15AN56NJ00D","1","active_orderable","verified_exact_si4732_fmi_first_target","present","missing","missing","receiver_fmi_match_inductor"
"base_product","nexperia_74lvc126apw_118","Nexperia 74LVC126APW,118","8","production_active_orderable","verified_exact_nrf_host_to_switched_domain_isolator","present","missing","missing","cc_host_buffer;cc_return_buffer;nrf0_host_buffer;nrf1_host_buffer;nrf2_host_buffer;u214_host_buffer_a;u214_host_buffer_b;u214_return_buffer"
"base_product","nexperia_74lvc1g32gv_125","74LVC1G32GV,125","3","production","verified_candidate","missing","missing","missing","ext_request_or;safe_por_or;safe_ptt_or"
"base_product","nexperia_74lvc2g126dc_125","Nexperia 74LVC2G126DC,125","5","production_active_orderable","verified_exact_nrf_switched_to_host_domain_isolator","present","missing","missing","cc_band_buffer;ir_return_buffer;nrf0_return_buffer;nrf1_return_buffer;nrf2_return_buffer"
"base_product","nexperia_74lvc2g14gw_125","74LVC2G14GW,125","1","production","verified_candidate","missing","missing","missing","safe_conditioner"
"base_product","nexperia_pesd24vy1bsf","Nexperia PESD24VY1BSF","1","production_orderable","verified_exact_sa518_external_rf_esd","present","missing","missing","voice_rf_esd"
"base_product","nicerf_sa518_v11","NiceRF SA518","1","current_product","verified_candidate","missing","missing","missing","voice"
"base_product","onsemi_1n4148wt","onsemi 1N4148WT","10","active","verified_candidate","missing","missing","missing","ui_matrix_diode_back;ui_matrix_diode_down;ui_matrix_diode_encoder;ui_matrix_diode_f1;ui_matrix_diode_f2;ui_matrix_diode_left;ui_matrix_diode_ok;ui_matrix_diode_opt;ui_matrix_diode_right;ui_matrix_diode_up"
"base_product","onsemi_bat54alt1g","BAT54ALT1G","4","active","verified_candidate","missing","missing","missing","evidence_or_0;evidence_or_1;evidence_or_2;evidence_or_3"
"base_product","onsemi_bav70lt1g","onsemi BAV70LT1G","1","active","verified_candidate","missing","missing","missing","pack_supply_or"
"base_product","onsemi_cat24c512wi_gt3","onsemi CAT24C512WI-GT3","1","active","verified_candidate","present","missing","missing","pd_config_eeprom"
"base_product","onsemi_fsusb42_mux","onsemi FSUSB42MUX","2","active_orderable","verified_exact_data_only_service_usb_isolator","present","missing","missing","c5_service_usb_switch;rp_service_usb_switch"
"base_product","panasonic_aeq10410","Panasonic AEQ10410","1","active","verified_first_hard_stop_target_actuator_and_mount_hil_open","present","missing","missing","stop_switch"
"base_product","panasonic_erj_2rkf22r0x","Panasonic ERJ-2RKF22R0X","45","active","verified_candidate","present","missing","missing","c5_service_usb_dm_series;c5_service_usb_dp_series;cc_band_v1_series;cc_band_v2_series;cc_csn_series;cc_gdo0_series;cc_gdo2_series;cc_sclk_series;cc_si_series;cc_so_series;headphone_l_series;headphone_r_series;nrf0_ce_series;nrf0_csn_series;nrf0_irq_series;nrf0_miso_series;nrf0_mosi_series;nrf0_sck_series;nrf1_ce_series;nrf1_csn_series;nrf1_irq_series;nrf1_miso_series;nrf1_mosi_series;nrf1_sck_series;nrf2_ce_series;nrf2_csn_series;nrf2_irq_series;nrf2_miso_series;nrf2_mosi_series;nrf2_sck_series;product_usb_dm_series;product_usb_dp_series;sd_cmd_series;sd_cs_series;sd_miso_series;sd_sck_series;u214_series_busy;u214_series_gps_rx;u214_series_gps_tx;u214_series_irq;u214_series_miso;u214_series_mosi;u214_series_nss;u214_series_rst;u214_series_sck"
"base_product","panasonic_erj_2rkf27r0x","Panasonic ERJ-2RKF27R0X","2","active_orderable","verified_exact_rp2354_usb_series_resistor","present","missing","missing","rp_service_usb_dm_series;rp_service_usb_dp_series"
"base_product","panasonic_erj_p08f10r0v","Panasonic ERJ-P08F10R0V","1","active","verified_candidate","present","missing","missing","backlight_series_resistor"
"base_product","pui_as02404po","PUI Audio AS02404PO","1","active_orderable","verified_candidate","present","missing","missing","speaker"
"base_product","qdtech_hmx035ctft_001","HMX035CTFT-001 (QDtech schematic assembly marking)","1","assembly_marking_and_contacts_disclosed_in_official_reference_schematic; standalone_orderability_drawing_and_lifecycle_unverified","verified_candidate","missing","missing","missing","display"
"base_product","rp2354b_a4","RP2354B A4 (exact A4 order/lot identity required before BOM freeze)","1","active","verified_candidate","missing","missing","missing","rp"
"base_product","same_sky_cmej_0413_42_smt_tr","Same Sky CMEJ-0413-42-SMT-TR","1","active_orderable","verified_candidate","present","missing","missing","microphone"
"base_product","same_sky_sj1_3515_smt_tr","Same Sky SJ1-3515-SMT-TR","1","active_orderable","verified_candidate","present","missing","missing","headphone_jack"
"base_product","samtec_ftsh_105_01_l_dv_k_p_tr","Samtec FTSH-105-01-L-DV-K-P-TR","3","active_orderable","verified_exact_three_domain_dbg10_header","present","missing","missing","c5_dbg_header;rp_dbg_header;s3_dbg_header"
"base_product","sitronix_st77922","Sitronix ST77922","1","active manufacturer-catalog TDDI; sourced only inside a qualified display assembly","verified_exact_controller_inside_hmx035ctft_001","present","missing","missing","display_touch_controller"
"base_product","skyworks_si4732_a10_gsr","Si4732-A10-GSR","1","active_orderable","verified_exact_production_candidate","present","missing","missing","receiver"
"base_product","sunlord_mwsa0503s_2r2mt","Sunlord MWSA0503S-2R2MT","1","active","verified_candidate","present","missing","missing","charger_inductor"
"base_product","sunlord_mwsa0503s_3r3mt","Sunlord MWSA0503S-3R3MT","2","active","verified_candidate","present","missing","missing","main_inductor;voice_inductor"
"base_product","sunlord_mwsa0503s_4r7mt","Sunlord MWSA0503S-4R7MT","1","active","verified_candidate","present","missing","missing","ext_inductor"
"base_product","sunlord_wpn201612h2r2mt","Sunlord WPN201612H2R2MT","1","active","verified_candidate","present","missing","missing","aon_inductor"
"base_product","tca4307dgkr","TCA4307DGKR","1","active","verified_exact_u214_i2c_hot_swap_boundary","present","missing","missing","u214_i2c_iso"
"base_product","tca6424argjr","TCA6424ARGJR","1","active","verified_exact_main_slow_io_core","present","missing","missing","slow_io"
"base_product","tdk_b57332v5103f360","TDK B57332V5103F360","3","active","verified_candidate","missing","missing","missing","charger_ts_ntc;pack_ntc0;pack_ntc1"
"base_product","tdk_c1005x7r1h104k050bb","TDK C1005X7R1H104K050BB","90","active","verified_candidate","present","missing","missing","aon_efuse_input_cap;audio_capture_buffer_bypass;audio_capture_selector_bypass;audio_rx_mux_bypass;audio_safe_gate_bypass;audio_speaker_selector_bypass;audio_tx_selector_bypass;backlight_efuse_input_cap;backlight_efuse_output_hf;c5_detector_bypass;c5_service_usb_switch_bypass;cc_avdd11_bypass;cc_avdd14_bypass;cc_avdd15_bypass;cc_avdd9_bypass;cc_band_buffer_bypass;cc_dcoupl_cap;cc_detector_bypass;cc_dvdd_bypass;cc_host_buffer_bypass;cc_return_buffer_bypass;charger_pmid_hf_cap;charger_sys_hf_cap;charger_vbus_hf_cap;codec_avdd_bypass;codec_dvdd_bypass;codec_i2c_iso_bypass;codec_i2s_bclk_iso_bypass;codec_i2s_din_iso_bypass;codec_i2s_dout_iso_bypass;codec_i2s_ws_iso_bypass;codec_pvdd_bypass;codec_supervisor_bypass;display_logic_hf_cap;ext_branch_gate_bypass;ext_buck_hf_input_cap;ext_request_or_bypass;ir_evidence_amp_bypass;ir_evidence_vref_cap;ir_power_output_bypass;ir_return_buffer_bypass;main_hf_input_cap;nrf0_detector_bypass;nrf0_host_buffer_bypass;nrf0_module_hf_cap;nrf0_return_buffer_bypass;nrf1_detector_bypass;nrf1_host_buffer_bypass;nrf1_module_hf_cap;nrf1_return_buffer_bypass;nrf2_detector_bypass;nrf2_host_buffer_bypass;nrf2_module_hf_cap;nrf2_return_buffer_bypass;pack_diag_timer_bypass;pd_eeprom_bypass;ptt_filter_cap;rearm_filter_cap;receiver_i2c_iso_bypass;receiver_irq_iso_bypass;receiver_supervisor_bypass;receiver_vdd_bypass;rp_service_usb_switch_bypass;s3_detector_bypass;safe_reset_buffer_bypass;sd_detect_cap;sd_host_buffer_bypass;sd_miso_buffer_bypass;sd_power_hf_cap;slow_io_s3_evidence_iso_bypass;slow_io_stop_sense_iso_bypass;slow_io_vcci_bypass;slow_io_vccp_bypass;touch_irq_buffer_bypass;u214_host_buffer_a_bypass;u214_host_buffer_b_bypass;u214_i2c_iso_bypass;u214_return_buffer_bypass;u214_supervisor_bypass;ui_matrix_io_bypass;unit_signal_iso_vcca_bypass;unit_signal_iso_vccb_bypass;unit_supervisor_bypass;voice_audio_iso_bypass;voice_detector_bypass;voice_hf_input_cap;voice_hl_driver_bypass;voice_ptt_iso_bypass;voice_supervisor_bypass;voice_uart_tx_iso_bypass"
"base_product","tdk_c1608x7r1c105k080ac","TDK C1608X7R1C105K080AC","34","active_production","verified_candidate","present","missing","missing","audio_capture_input_coupling;audio_capture_local_bias_cap;audio_capture_mic_coupling;audio_capture_rx_coupling;audio_vmid_cap;cc_evidence_hold_cap;cc_local_bulk_cap;cc_power_input_cap;codec_adc_n_coupling;codec_adc_p_coupling;codec_adcvref_cap;codec_dacvref_cap;codec_power_input_cap;codec_tx_coupling;codec_vmid_cap;ir_power_input_cap;mic_tx_coupling;nrf_evidence_hold_cap;nrf_power_input_cap;pack_diag_lockout_cap;product_usb_vpwr_cap;receiver_power_input_cap;sd_power_input_cap;si_audio_l_coupling;si_audio_r_coupling;slow_io_bulk_cap;speaker_amp_input_cap;speaker_input_n_coupling;speaker_input_p_coupling;voice_evidence_hold_cap;voice_io_power_input_cap;voice_io_power_output_cap;voice_mic_coupling;voice_rx_coupling"
"base_product","tdk_c1608x7s2a104k080ab","TDK C1608X7S2A104K080AB","1","active","verified_candidate","present","missing","missing","product_usb_vbias_cap"
"base_product","tdk_cga5l1x7r1e475k160ac","TDK CGA5L1X7R1E475K160AC","3","active","verified_candidate","present","missing","missing","aon_input_cap;charger_regn_cap;pd_vbus_cap"
"base_product","ti_bq25798_rqmr","Texas Instruments BQ25798RQMR","1","active","verified_candidate","present","missing","missing","nvdc_charger"
"base_product","ti_csd87313dmst","Texas Instruments CSD87313DMST","1","active","verified_candidate","present","missing","missing","pack_power_fet"
"base_product","ti_mspm0c1104_sdgs20r","Texas Instruments MSPM0C1104SDGS20R","1","active","verified_candidate","present","missing","missing","pack_admission"
"base_product","ti_sn74lvc08a_pwr","SN74LVC08APWR","2","active","verified_candidate","missing","missing","missing","safe_gate_a;safe_gate_b"
"base_product","ti_sn74lvc1g06_dckr","Texas Instruments SN74LVC1G06DCKR","1","active_orderable","verified_exact_fail_low_reset_gate_driver","present","missing","missing","safe_reset_buffer"
"base_product","ti_sn74lvc1g07_dckr","SN74LVC1G07DCKR","5","active","verified_exact_open_drain_partial_power_buffer","missing","missing","missing","receiver_irq_iso;slow_io_s3_evidence_iso;slow_io_stop_sense_iso;touch_irq_buffer;voice_hl_driver"
"base_product","ti_sn74lvc1g125_dckr","Texas Instruments SN74LVC1G125DCKR","1","active","verified_candidate","present","missing","missing","sd_miso_buffer"
"base_product","ti_sn74lvc1g126_dckr","Texas Instruments SN74LVC1G126DCKR","6","active","verified_candidate","present","missing","missing","codec_i2s_bclk_iso;codec_i2s_din_iso;codec_i2s_dout_iso;codec_i2s_ws_iso;voice_ptt_iso;voice_uart_tx_iso"
"base_product","ti_sn74lvc1g3157_dbvr","Texas Instruments SN74LVC1G3157DBVR","1","active","verified_reference","present","missing","missing","audio_rx_mux"
"base_product","ti_sn74lvc1g74_dcur","SN74LVC1G74DCUR","1","active","verified_candidate","missing","missing","missing","safe_latch"
"base_product","ti_sn74lvc2g08_dcur","Texas Instruments SN74LVC2G08DCUR","2","active","reference_only","present","missing","missing","audio_safe_gate;ext_branch_gate"
"base_product","ti_sn74lvc2g66_dcur","Texas Instruments SN74LVC2G66DCUR","3","active","verified_candidate","present","missing","missing","codec_i2c_iso;receiver_i2c_iso;voice_audio_iso"
"base_product","ti_sn74lvc3g34_dcur","SN74LVC3G34DCUR","1","active","verified_candidate","missing","missing","missing","sd_host_buffer"
"base_product","ti_tca9534a_pwr","TCA9534APWR","2","active","verified_candidate","present","missing","missing","evidence_mask;ui_matrix_io"
"base_product","ti_tlv1824_pwr","TLV1824PWR","2","active","verified_candidate","missing","missing","missing","evidence_cmp_a;evidence_cmp_b"
"base_product","ti_tlv9061_idbvr","Texas Instruments TLV9061IDBVR","2","active","verified_reference","present","missing","missing","audio_capture_buffer;ir_evidence_amp"
"base_product","ti_tmux1136_dgsr","Texas Instruments TMUX1136DGSR","1","active","reference_only","present","missing","missing","audio_speaker_selector"
"base_product","ti_tpd2eusb30a_drtr","Texas Instruments TPD2EUSB30ADRTR","2","active_orderable","verified_exact_service_usb_esd","present","missing","missing","c5_service_usb_esd;rp_service_usb_esd"
"base_product","ti_tpd4e05u06_dqar","Texas Instruments TPD4E05U06DQAR","12","active","verified_candidate","present","missing","missing","c5_dbg_esd;encoder_ptt_esd;headphone_esd;rp_dbg_esd;s3_dbg_esd;safety_control_esd;sd_esd_a;sd_esd_b;u214_esd_a;u214_esd_b;u214_esd_c;unit_esd"
"base_product","ti_tpd4s201_rukr","Texas Instruments TPD4S201RUKR","1","active","verified_candidate","present","missing","missing","product_usb_protector"
"base_product","ti_tpd8e003_dqdr","Texas Instruments TPD8E003DQDR","1","active","verified_candidate","present","missing","missing","ui_matrix_esd"
"base_product","ti_tps22919_dckr","Texas Instruments TPS22919DCKR","7","active","verified_candidate","present","missing","missing","cc_power_switch;codec_power_switch;ir_power_switch;nrf_power_switch;receiver_power_switch;sd_power_switch;voice_io_power_switch"
"base_product","ti_tps2553drvr_1","Texas Instruments TPS2553DRVR-1","1","active","verified_candidate","present","missing","missing","backlight_efuse"
"base_product","ti_tps25751d_refr","Texas Instruments TPS25751DREFR","1","active","verified_candidate","present","missing","missing","pd_controller"
"base_product","ti_tps259470l_rpwr","Texas Instruments TPS259470LRPWR","2","active","verified_candidate","present","missing","missing","ext_efuse;unit_efuse"
"base_product","ti_tps25961_drvr","Texas Instruments TPS25961DRVR","1","active","verified_candidate","present","missing","missing","aon_efuse"
"base_product","ti_tps25974l_rpwr","Texas Instruments TPS25974LRPWR","2","active","verified_candidate","present","missing","missing","main_efuse;voice_efuse"
"base_product","ti_tps3808g33_dbvr","TPS3808G33DBVR","4","active","verified_candidate","missing","missing","missing","safe_supervisor;u214_supervisor;unit_supervisor;voice_supervisor"
"base_product","ti_tps3839k33_dbzr","Texas Instruments TPS3839K33DBZR","2","active","verified_candidate","present","missing","missing","codec_supervisor;receiver_supervisor"
"base_product","ti_tps564252_drlr","Texas Instruments TPS564252DRLR","3","active","verified_candidate","present","missing","missing","ext_buck;main_buck;voice_buck"
"base_product","ti_tps629203_drlr","Texas Instruments TPS629203DRLR","1","active","verified_candidate","present","missing","missing","aon_buck"
"base_product","ti_tpul2g223_bqbr","Texas Instruments TPUL2G223BQBR","1","active_production","verified_candidate","present","missing","missing","pack_diag_timer"
"base_product","ti_ts5a63157_dckr","Texas Instruments TS5A63157DCKR","2","active","reference_only","present","missing","missing","audio_capture_selector;audio_tx_selector"
"base_product","ti_tvs2200_drvr","Texas Instruments TVS2200DRVR","1","active","verified_candidate","present","missing","missing","pd_vbus_tvs"
"base_product","ti_txs0102_dcur","Texas Instruments TXS0102DCUR","1","active_production_orderable","verified_exact_native_m5_unit_signal_isolator","present","missing","missing","unit_signal_iso"
"base_product","ttm_b0310j50100ahf","TTM Technologies B0310J50100AHF","1","active_orderable","verified_exact_cc_first_pass_balun","present","missing","missing","cc_balun"
"base_product","ttm_dc2337j5010ahf","TTM Technologies DC2337J5010AHF","3","active_orderable","verified_exact_nrf_forward_power_coupler","present","missing","missing","nrf0_coupler;nrf1_coupler;nrf2_coupler"
"base_product","vishay_tsmp95000tt","Vishay TSMP95000TT","1","active_stocked_orderable","verified_exact_carrier_learning_ir_receiver","present","missing","missing","ir_carrier"
"base_product","vishay_tsop95238tt","Vishay TSOP95238TT","1","active_orderable_factory_lead_time","verified_exact_robust_ir_receiver","present","missing","missing","ir_demod"
"base_product","vishay_vemd1060x01","VEMD1060X01","1","active","verified_exact_ir_actual_optical_evidence_sensor","present","missing","missing","det_ir"
"base_product","vishay_vsmy14940","Vishay VSMY14940","1","active_stocked_orderable","verified_exact_consumer_ir_transmit_emitter","present","missing","missing","ir_emitter"
"base_product","vishay_wsl25125l000fea","Vishay WSL25125L000FEA","1","active","verified_candidate","missing","missing","missing","pack_shunt"
"regional_replaceable_cell_kit","xtar_18650_4000mah_protected","XTAR 18650 4000mAh","2","current_catalog","selected_qualification_target","present","missing","missing","pack_cell0;pack_cell1"
"base_product","yageo_rc0402fr_07100kl","Yageo RC0402FR-07100KL","20","active","verified_candidate","present","missing","missing","aon_efuse_ovlo_bottom;audio_capture_local_bias_bottom;audio_capture_local_bias_top;audio_capture_mic_bias;audio_capture_rx_bias;audio_vmid_bottom;audio_vmid_top;charger_ilim_bottom;codec_ready_pulldown;headphone_absent_pulldown;ir_evidence_vref_top;main_en_pulldown;mic_tx_bias;receiver_ready_pulldown;si_audio_sum_bias;voice_audio_on_pulldown;voice_efuse_ovlo_bottom;voice_rx_bias;voice_uart_rx_pulldown;voice_uart_tx_pulldown"
"base_product","yageo_rc0402fr_07100rl","Yageo RC0402FR-07100RL","7","active","verified_candidate","present","missing","missing","backlight_gate_series;charger_batp_res;ir_carrier_series;ir_carrier_supply_res;ir_demod_series;ir_demod_supply_res;ir_tx_gate_series"
"base_product","yageo_rc0402fr_0710kl","Yageo RC0402FR-0710KL","141","active","verified_candidate","present","missing","missing","audio_arm_pulldown;audio_capture_sel_pulldown;audio_rx_sel_pulldown;audio_speaker_req_pulldown;audio_speaker_safe_pulldown;audio_tx_req_pulldown;audio_tx_safe_pulldown;backlight_fault_pullup;backlight_gate_pulldown;c5_boot_pullup;c5_dbg_id0_strap;c5_dbg_id1_strap;c5_detector_feedback_res;c5_detector_ground_res;c5_gpio27_pullup;c5_reset_pullup;cc_band_v1_host_pulldown;cc_band_v2_host_pulldown;cc_evidence_hold_pulldown;cc_host_csn_pullup;cc_host_gdo0_pulldown;cc_host_gdo2_pulldown;cc_host_sclk_pulldown;cc_host_si_pulldown;cc_host_so_pulldown;cc_power_on_pulldown;cc_switch_a_v1_pulldown;cc_switch_a_v2_pulldown;cc_switch_b_v1_pulldown;cc_switch_b_v2_pulldown;charger_ce_pullup;charger_int_pullup;codec_ce_pullup;codec_power_on_pulldown;display_reset_pulldown;ext_any_req_pulldown;ext_en_pulldown;ext_pg_pullup;headphone_tip_detect_pullup;ir_carrier_host_pullup;ir_demod_host_pullup;ir_evidence_vref_bottom;ir_power_on_pulldown;ir_tx_gate_pulldown;lcd_host_cs_pullup;main_fb_bottom;nrf0_host_ce_pulldown;nrf0_host_csn_pullup;nrf0_host_irq_pullup;nrf0_host_miso_pulldown;nrf0_host_mosi_pulldown;nrf0_host_sck_pulldown;nrf0_module_ce_pulldown;nrf0_module_csn_pullup;nrf0_module_irq_pullup;nrf0_module_miso_pulldown;nrf0_module_mosi_pulldown;nrf0_module_sck_pulldown;nrf1_host_ce_pulldown;nrf1_host_csn_pullup;nrf1_host_irq_pullup;nrf1_host_miso_pulldown;nrf1_host_mosi_pulldown;nrf1_host_sck_pulldown;nrf1_module_ce_pulldown;nrf1_module_csn_pullup;nrf1_module_irq_pullup;nrf1_module_miso_pulldown;nrf1_module_mosi_pulldown;nrf1_module_sck_pulldown;nrf2_host_ce_pulldown;nrf2_host_csn_pullup;nrf2_host_irq_pullup;nrf2_host_miso_pulldown;nrf2_host_mosi_pulldown;nrf2_host_sck_pulldown;nrf2_module_ce_pulldown;nrf2_module_csn_pullup;nrf2_module_irq_pullup;nrf2_module_miso_pulldown;nrf2_module_mosi_pulldown;nrf2_module_sck_pulldown;nrf_evidence_hold_pulldown;nrf_power_on_pulldown;pack_diag_gate_pulldown;pack_diag_trigger_pulldown;pd_eeprom_wp_pullup;power_fault_pullup;product_usb_fault_pullup;ptt_pullup;receiver_irq_pullup;receiver_power_on_pulldown;receiver_senb_pulldown;rp_boot_pullup;rp_dbg_id0_strap;rp_dbg_id1_strap;rp_reset_pullup;s3_boot_pullup;s3_dbg_id0_strap;s3_dbg_id1_strap;s3_detector_feedback_res;s3_detector_ground_res;s3_reset_pullup;safe_por_pullup;safe_reset_gate_pullup;sd_card_cmd_pullup;sd_card_dat0_pullup;sd_card_dat1_pullup;sd_card_dat2_pullup;sd_card_dat3_pullup;sd_detect_pullup;sd_host_cs_pullup;sd_host_d0_pullup;sd_host_d1_pullup;sd_host_sck_pulldown;sd_on_pulldown;si_audio_l_sum;si_audio_r_sum;slow_io_reset_pullup;slow_io_s3_evidence_pullup;slow_io_stop_sense_pullup;speaker_amp_enable_pulldown;stop_pullup;sys_int_pullup;touch_irq_pullup;touch_reset_pulldown;u214_req_pulldown;u214_supervisor_pullup;ui_matrix_col0_pullup;ui_matrix_col1_pullup;ui_matrix_col2_pullup;unit_req_pulldown;unit_signal_iso_oe_pulldown;unit_supervisor_pullup;voice_en_pulldown;voice_evidence_hold_pulldown;voice_hl_req_pulldown;voice_pg_pullup;voice_ptt_pullup;voice_rx_series;voice_supervisor_pullup"
"base_product","yageo_rc0402fr_07110kl","Yageo RC0402FR-07110KL","2","active_orderable","verified_candidate","present","missing","missing","u214_supervisor_sense_top;unit_supervisor_sense_top"
"base_product","yageo_rc0402fr_0712kl","Yageo RC0402FR-0712KL","1","active","verified_candidate","present","missing","missing","voice_fb_bottom"
"base_product","yageo_rc0402fr_07133kl","Yageo RC0402FR-07133KL","1","active","verified_candidate","present","missing","missing","backlight_efuse_ilim"
"base_product","yageo_rc0402fr_07169kl","Yageo RC0402FR-07169KL","5","active","verified_candidate","present","missing","missing","ext_ovlo_top;pack_diag_timer_res;pack_mid_adc_bottom;pack_stack_adc_bottom;unit_ovlo_top"
"base_product","yageo_rc0402fr_07196kl","Yageo RC0402FR-07196KL","1","active","verified_candidate","present","missing","missing","aon_efuse_ovlo_top"
"base_product","yageo_rc0402fr_071k65l","Yageo RC0402FR-071K65L","1","active","verified_candidate","present","missing","missing","main_efuse_rilm"
"base_product","yageo_rc0402fr_071kl","Yageo RC0402FR-071KL","9","active_orderable","verified_exact_dbg10_and_boot_series_resistor","present","missing","missing","c5_dbg_boot_series;c5_dbg_reset_series;c5_dbg_vtref_series;rp_dbg_boot_series;rp_dbg_reset_series;rp_dbg_vtref_series;s3_dbg_boot_series;s3_dbg_reset_series;s3_dbg_vtref_series"
"base_product","yageo_rc0402fr_071ml","Yageo RC0402FR-071ML","2","active_orderable","verified_exact_data_only_service_vbus_bleeder","present","missing","missing","c5_service_usb_vbus_bleeder;rp_service_usb_vbus_bleeder"
"base_product","yageo_rc0402fr_07220kl","Yageo RC0402FR-07220KL","12","active","verified_candidate","present","missing","missing","codec_tx_atten_top;ext_buck_fb_top;pack_mid_adc_top0;pack_mid_adc_top1;pack_stack_adc_top0;pack_stack_adc_top1;pack_stack_adc_top2;pack_stack_adc_top3;pack_stack_adc_top4;u214_supervisor_sense_bottom;unit_supervisor_sense_bottom;voice_supervisor_sense_bottom"
"base_product","yageo_rc0402fr_07220rl","Yageo RC0402FR-07220RL","1","active_orderable","verified_candidate","missing","missing","missing","microphone_bias_filter_res"
"base_product","yageo_rc0402fr_07240kl","Yageo RC0402FR-07240KL","1","active","verified_candidate","present","missing","missing","aon_efuse_rilim"
"base_product","yageo_rc0402fr_07270kl","Yageo RC0402FR-07270KL","1","active","verified_candidate","present","missing","missing","voice_efuse_ovlo_top"
"base_product","yageo_rc0402fr_072k21l","Yageo RC0402FR-072K21L","2","active","verified_candidate","present","missing","missing","ext_rilm;unit_rilm"
"base_product","yageo_rc0402fr_072k2l","Yageo RC0402FR-072K2L","13","active","verified_candidate","present","missing","missing","codec_i2c_scl_pullup;codec_i2c_sda_pullup;codec_tx_atten_bottom;microphone_bias_res;pd_local_scl_pullup;pd_local_sda_pullup;receiver_i2c_scl_pullup;receiver_i2c_sda_pullup;stop_led_series;sys_i2c_scl_pullup;sys_i2c_sda_pullup;u214_i2c_host_scl_pullup;u214_i2c_host_sda_pullup"
"base_product","yageo_rc0402fr_0730k1l","Yageo RC0402FR-0730K1L","1","active","verified_candidate","present","missing","missing","charger_ts_bottom"
"base_product","yageo_rc0402fr_0730kl","Yageo RC0402FR-0730KL","2","active","verified_candidate","present","missing","missing","ext_buck_fb_bottom;main_efuse_pg_bottom"
"base_product","yageo_rc0402fr_0733kl","Yageo RC0402FR-0733KL","3","active","verified_candidate","present","missing","missing","codec_adc_n_series;codec_adc_p_series;voice_efuse_pg_bottom"
"base_product","yageo_rc0402fr_073k32l","Yageo RC0402FR-073K32L","3","active","verified_candidate","present","missing","missing","encoder_a_pullup;encoder_b_pullup;voice_efuse_rilm"
"base_product","yageo_rc0402fr_0742k2l","Yageo RC0402FR-0742K2L","1","active","verified_candidate","present","missing","missing","aon_mode_res"
"base_product","yageo_rc0402fr_0744k2l","Yageo RC0402FR-0744K2L","1","active","verified_candidate","present","missing","missing","charger_ilim_top"
"base_product","yageo_rc0402fr_0745k3l","Yageo RC0402FR-0745K3L","2","active","verified_candidate","present","missing","missing","main_efuse_pg_top;main_fb_top"
"base_product","yageo_rc0402fr_07470rl","Yageo RC0402FR-07470RL","6","active_orderable","verified_exact_dbg10_uart_swd_series_resistor","present","missing","missing","c5_dbg0_series;c5_dbg1_series;rp_dbg0_series;rp_dbg1_series;s3_dbg0_series;s3_dbg1_series"
"base_product","yageo_rc0402fr_0747kl","Yageo RC0402FR-0747KL","8","active","verified_candidate","present","missing","missing","aon_pg_pullup;ext_ovlo_bottom;ir_evidence_feedback;rearm_pullup;speaker_input_n_gain;speaker_input_p_gain;unit_ovlo_bottom;voice_supervisor_sense_top"
"base_product","yageo_rc0402fr_0749r9l","Yageo RC0402FR-0749R9L","5","active_orderable","verified_exact_nrf_coupler_isolated_port_termination","present","missing","missing","c5_rf_coupler_termination;nrf0_coupler_termination;nrf1_coupler_termination;nrf2_coupler_termination;s3_rf_coupler_termination"
"base_product","yageo_rc0402fr_074k7l","Yageo RC0402FR-074K7L","1","active_stocked_orderable","verified_exact_ir_carrier_output_pullup","present","missing","missing","ir_carrier_pullup"
"base_product","yageo_rc0402fr_0752r3l","Yageo RC0402FR-0752R3L","4","active_orderable","verified_exact_ad8314_broadband_input_match","present","missing","missing","nrf0_detector_match;nrf1_detector_match;nrf2_detector_match;voice_detector_match"
"base_product","yageo_rc0402fr_0756kl","Yageo RC0402FR-0756KL","1","active_orderable","verified_exact_cc_bias_passive","present","missing","missing","cc_rbias_res"
"base_product","yageo_rc0402fr_075k1l","Yageo RC0402FR-075K1L","5","active_orderable","verified_exact_sa518_detector_series_attenuator_and_usb_type_c_rd","present","missing","missing","c5_service_usb_cc1_rd;c5_service_usb_cc2_rd;rp_service_usb_cc1_rd;rp_service_usb_cc2_rd;voice_detector_series_attenuator"
"base_product","yageo_rc0402fr_075k23l","Yageo RC0402FR-075K23L","1","active","verified_candidate","present","missing","missing","charger_ts_top"
"base_product","yageo_rc0402fr_07620kl","Yageo RC0402FR-07620KL","1","active","verified_candidate","present","missing","missing","pack_diag_lockout_res"
"base_product","yageo_rc0402fr_0768kl","Yageo RC0402FR-0768KL","4","active","verified_candidate","present","missing","missing","ext_pg_base_res;voice_efuse_pg_top;voice_fb_top;voice_pg_base_res"
"base_product","yageo_rc0402fr_078k2l","Yageo RC0402FR-078K2L","1","active","verified_candidate","present","missing","missing","charger_prog_res"
"base_product","yageo_rc0402jr_070rl","Yageo RC0402JR-070RL","1","active_orderable","verified_candidate","missing","missing","missing","audio_ground_link"
"base_product","yageo_rc0603fr_071kl","Yageo RC0603FR-071KL","8","active","verified_candidate","present","missing","missing","ext_bleeder;ptt_series;sd_detect_series;ui_matrix_row0_pulldown;ui_matrix_row1_pulldown;ui_matrix_row2_pulldown;ui_matrix_row3_pulldown;unit_bleeder"
"base_product","yageo_rc1206fr_0733rl","Yageo RC1206FR-0733RL","1","active_stocked_orderable","verified_exact_ir_emitter_current_limit_resistor","present","missing","missing","ir_emitter_limit"
"base_product","yageo_rt0402brd07100kl","Yageo RT0402BRD07100KL","1","active","verified_candidate","present","missing","missing","main_efuse_ovlo_bottom"
"base_product","yageo_rt0402brd07191kl","Yageo RT0402BRD07191KL","1","active","verified_candidate","present","missing","missing","main_efuse_ovlo_top"
