device_id,mpn,role,scope,quantity_per_device,unit_price_quantity_100_usd,effective_unit_price_usd,line_burden_per_device_usd,share_of_planning_base_pct,cumulative_planning_base_pct,line_burden_basis,quantity_procurement_target,planning_procurement_line_usd,quantity_ten_devices,planning_ten_devices_line_usd,quantity_historical_capture,historical_capture_displayed_line_usd,historical_capture_route,jlcpcb_part,quantity_100_batch_line_usd,cost_gate
gct_rfpc_sma31_fn_175_a,GCT RFPC-SMA31-FN-175-A,eight standard outward SMA / восемь внешних SMA,base_product,8,2.46456,2.46456,19.71648,6.332,6.332,quantity-100,8,19.71648,80,197.1648,40,,not_matched,,1971.6480000000001,
eastrising_er_tft035ips_6_ctp,EastRising ER-TFT035IPS-6 + ER-TPC035-6,display,base_product,1,14.91,14.91,14.91,4.788,11.12,quantity-100,1,14.91,10,149.1,5,74.55,owner_post_pcba_final_assembly,,1491.0,
adi_ad8314armz_reel,Analog Devices AD8314ARMZ-REEL,six real-TX RF detectors / шесть RF-детекторов фактической передачи,base_product,6,1.9398,1.9398,11.6388,3.738,14.858,quantity-100,6,11.6388,60,116.388,30,17.8956,explicit overseas-stock/pre-order route; six required pieces satisfy MOQ 4,C652687,1163.8799999999999,
coilcraft_wbc16_1tlc,WBC16-1TLC,official DC1027A 1:16 mixer-output transformer,base_product,1,10.2728,10.2728,10.2728,3.299,18.157,quantity-100,1,10.2728,10,102.72800000000001,5,,not matched,,1027.28,
omron_b3s_1100p,OMRON B3S-1100P,sixteen ordinary user keys / шестнадцать обычных клавиш,base_product,16,0.6405,0.6405,10.248,3.291,21.448,quantity-100,16,10.248,160,102.47999999999999,80,74.58,pre-order,C2733652,1024.8,
samtec_ftsh_105_01_l_dv_k_p_tr,Samtec FTSH-105-01-L-DV-K-P-TR,four internal recovery headers / четыре внутренних recovery-разъёма,base_product,6,1.6991,1.6991000000000003,10.194600000000001,3.274,24.722,quantity-100,6,10.194600000000001,60,101.94600000000001,30,28.2,in stock; four fitted per R2 device and no pre-order is required for the exact-one prototype,C2932107,1019.4600000000002,
nicerf_sa818s_v_v18,G-NiceRF SA818S-V,VHF voice transceiver / VHF голосовой трансивер,base_product,1,,10.071,10.071,3.234,27.956,provisional reachable route,1,10.071,10,100.71,5,50.355,pre_order,C51897911,1007.1,quantity_100_rfq_required
nicerf_sa818s_u_v18,G-NiceRF SA818S-U,UHF voice transceiver / UHF голосовой трансивер,base_product,1,,9.7347,9.7347,3.126,31.083,provisional reachable route,1,9.7347,10,97.34700000000001,5,48.673500000000004,in_stock,C3001549,973.47,quantity_100_rfq_required
ebyte_e01_ml01sp4,Ebyte E01-ML01SP4,three 20-dBm PA/LNA full-function nRF24 radios / три полнофункциональных nRF24 с PA/LNA 20 dBm,base_product,3,2.9633,2.9633,8.889899999999999,2.855,33.938,quantity-100,3,8.889899999999999,30,88.89899999999999,15,57.972,in stock; exact original-manufacturer PA/LNA module is factory placeable,C97340,888.9899999999999,
keystone_1048p,Keystone Electronics 1048P,dual protected-18650 holder / держатель двух защищённых 18650,base_product,1,8.57,8.57,8.57,2.752,36.69,quantity-100,1,8.57,10,85.7,5,33.66,pre-order,C6038062,857.0,
ti_tmux1136_dgsr,Texas Instruments TMUX1136DGSR,four complete audio/control selectors / четыре полных audio/control selector,base_product,4,2.0581,2.0581,8.2324,2.644,39.334,quantity-100,4,8.2324,40,82.324,20,12.789,in_stock,C2673301,823.24,
adi_ltc5532_es6_trmpbf,LTC5532ES6#TRMPBF,"S3/C5 2.4/5-GHz TX detectors / детекторы TX S3/C5 2,4/5 ГГц",base_product,2,3.8877,3.8877,7.7754,2.497,41.831,quantity-100,2,7.7754,20,77.754,10,117.15,insufficient stock; pre-order for the complete trial quantity,C580926,777.5400000000001,
adi_lt5560edd_trpbf,LT5560EDD#TRPBF,official-reference active down-converting mixer,base_product,1,6.9028,6.9028,6.9028,2.217,44.048,quantity-100,1,6.9028,10,69.028,5,,not matched,,690.28,
te_1_2118651_0,TE Connectivity 1-2118651-0,three 60-mm nRF RF jumpers / три 60-мм RF-кабеля nRF,base_product,3,1.81,1.8099999999999998,5.43,1.744,45.791,quantity-100,3,5.43,30,54.3,15,,not_matched,,543.0,
murata_grm32er71e226ke15l,Murata GRM32ER71E226KE15L,thirteen 22-uF power capacitors / тринадцать силовых конденсаторов 22 мкФ,base_product,16,0.3303,0.3303,5.2848,1.697,47.489,quantity-100,16,5.2848,160,52.848,80,31.668,in_stock,C21397,528.48,
esp32_s3_wroom_1u_n16r8,ESP32-S3-WROOM-1U-N16R8,s3,base_product,1,5.108,5.108,5.108,1.64,49.129,quantity-100,1,5.108,10,51.08,5,25.2365,in_stock,C3013946,510.79999999999995,
gct_rfpc_sma32_fn_175_a,GCT RFPC-SMA32-FN-175-A,two native-radio RP-SMA / два RP-SMA native-радио,base_product,2,2.46456,2.46456,4.92912,1.583,50.712,quantity-100,2,4.92912,20,49.2912,10,,not_matched,,492.91200000000003,
ti_tps3808g33_dbvr,TPS3808G33DBVR,"safe_supervisor, u214_supervisor, unit_supervisor, voice_supervisor",base_product,4,1.0984,1.0984,4.3936,1.411,52.123,quantity-100,4,4.3936,40,43.936,20,8.862,in_stock,C43698,439.36,
ti_tpd4e05u06_dqar,Texas Instruments TPD4E05U06DQAR,thirteen four-line ESD arrays / тринадцать четырёхканальных ESD-сборок,base_product,14,0.309,0.309,4.326,1.389,53.512,quantity-100,14,4.326,140,43.26,70,,not_matched,,432.59999999999997,
coilcraft_wbc1_1tlc,WBC1-1TLC,official DC1027A 1:1 mixer-input transformer,base_product,1,4.2829,4.2829,4.2829,1.375,54.888,quantity-100,1,4.2829,10,42.82899999999999,5,,not matched,,428.28999999999996,
esp32_c5_wroom_1u_n8r8,ESP32-C5-WROOM-1U-N8R8,c5,base_product,1,4.1338,4.1338,4.1338,1.328,56.215,quantity-100,1,4.1338,10,41.338,5,29.2935,in stock; official MPN is unsuffixed and the supplier order code enforces the V1.2 production floor,C54951858,413.38,
adi_max17320_g20_t,Analog Devices MAX17320G20+T,pack_gauge,base_product,1,4.0019,4.0019,4.0019,1.285,57.5,quantity-100,1,4.0019,10,40.019,5,31.0585,pre_order,C7457895,400.19,
hirose_fx8c_80s_sv5_92,Hirose FX8C-80S-SV5(92),80-contact RF-side interboard receptacle / 80-контактная межплатная розетка RF,base_product,1,3.9133,3.9133,3.9133,1.257,58.757,quantity-100,1,3.9133,10,39.133,5,,not_matched,,391.33,
te_2118651_2,TE Connectivity 2118651-2,two 30-mm S3/C5 RF jumpers / два 30-мм RF-кабеля S3/C5,base_product,2,1.8211,1.8211,3.6422,1.17,59.927,quantity-100,2,3.6422,20,36.422,10,,not_matched,,364.21999999999997,
adi_hmc544aetr,HMC544AETR,paired fail-direct input/output isolation selectors around the converted-Airband chain,base_product,2,1.8112,1.8112,3.6224,1.163,61.09,quantity-100,2,3.6224,20,36.224,10,,not matched,,362.24,
ti_bq25798_rqmr,Texas Instruments BQ25798RQMR,nvdc_charger,base_product,1,3.514,3.514,3.514,1.129,62.219,quantity-100,1,3.514,10,35.14,5,14.632,in_stock,C2876593,351.4,
alps_ec11e18244au,Alps Alpine EC11E18244AU,encoder,base_product,1,3.288,3.288,3.288,1.056,63.275,quantity-100,1,3.288,10,32.879999999999995,5,11.1895,in_stock,C202365,328.79999999999995,
hirose_fx8c_80p_sv1_92,Hirose FX8C-80P-SV1(92),80-contact UI-side interboard plug / 80-контактная межплатная вилка UI,base_product,1,3.1759,3.1759,3.1759,1.02,64.295,quantity-100,1,3.1759,10,31.759,5,23.4745,pre_order,C7197102,317.59,
ttm_dc2337j5010ahf,TTM Technologies DC2337J5010AHF,"nrf0_coupler, nrf1_coupler, nrf2_coupler",base_product,3,1.0291,1.0291,3.0873,0.991,65.286,quantity-100,3,3.0873,30,30.872999999999998,15,20.4135,pre_order,C509396,308.73,
cc1101rgpr,CC1101RGPR,cc,base_product,1,3.0358,3.0358,3.0358,0.975,66.261,quantity-100,1,3.0358,10,30.358,5,8.4205,in_stock,C29953,303.58,
rp2354b_a4,SC1512-A4,rp,base_product,2,1.4927,1.4927,2.9854,0.959,67.22,quantity-100,2,2.9854,20,29.854,10,14.927,"in stock; two fitted per device, with received A4 marking retained as an incoming gate",C39843328,298.53999999999996,
littelfuse_0451005_mrl,Littelfuse 0451005.MRL,"pack_fuse0, pack_fuse1",base_product,2,1.4488,1.4488,2.8976,0.931,68.15,quantity-100,2,2.8976,20,28.976000000000003,10,3.0468,in_stock,C48467,289.76,
minicircuits_pga_103_plus,PGA-103+,118-137-MHz low-noise gain stage,base_product,1,2.6063,2.6063,2.6063,0.837,68.987,quantity-100,1,2.6063,10,26.063000000000002,5,,not matched,,260.63,
hirose_dm3at_sf_pejm5,Hirose DM3AT-SF-PEJM5,sd,base_product,1,2.5656,2.5656,2.5656,0.824,69.811,quantity-100,1,2.5656,10,25.656,5,6.951,in_stock,C114218,256.56,
samtec_hle_107_02_g_dv_pe_lc,Samtec HLE-107-02-G-DV-PE-LC,u214_connector,base_product,1,2.542,2.542,2.542,0.816,70.628,quantity-100,1,2.542,10,25.419999999999998,5,35.833,pre_order,C5649644,254.2,
pui_as02404po,PUI Audio AS02404PO,speaker,base_product,1,2.5294,2.5294,2.5294,0.812,71.44,quantity-100,1,2.5294,10,25.293999999999997,5,,not_matched,,252.94,
ti_tlv1821_dckr,TLV1821DCKR,"evidence_cmp_voice, evidence_cmp_voice_v",base_product,3,0.744,0.7440000000000001,2.232,0.717,72.157,quantity-100,3,2.232,30,22.32,15,,not_matched,,223.20000000000002,
ti_tlv1824_pwr,TLV1824PWR,"evidence_cmp_a, evidence_cmp_b",base_product,2,1.0518,1.0518,2.1036,0.676,72.832,quantity-100,2,2.1036,20,21.036,10,,not_matched,,210.36,
yageo_rc0402fr_0710kl,Yageo RC0402FR-0710KL,"any_tx_aon_pullup, audio_arm_pulldown, audio_capture_sel_pulldown, audio_rx_sel_pulldown, audio_speaker_req_pulldown, audio_speaker_safe_pulldown, audio_tx_req_pulldown, audio_tx_safe_pulldown, backlight_fault_pullup, backlight_gate_pulldown, c5_boot_pullup, c5_dbg_id0_strap, c5_dbg_id1_strap, c5_detector_feedback_res, c5_detector_ground_res, c5_evidence_main_pullup, c5_evidence_output_pullup, c5_evidence_threshold_bottom, c5_gpio27_pullup, c5_reset_pullup, cc_band_v1_host_pulldown, cc_band_v2_host_pulldown, cc_evidence_hold_pulldown, cc_evidence_output_pullup, cc_evidence_threshold_bottom, cc_host_csn_pullup, cc_host_gdo0_pulldown, cc_host_gdo2_pulldown, cc_host_sclk_pulldown, cc_host_si_pulldown, cc_host_so_pulldown, cc_power_on_pulldown, cc_switch_a_v1_pulldown, cc_switch_a_v2_pulldown, cc_switch_b_v1_pulldown, cc_switch_b_v2_pulldown, charger_ce_pullup, charger_int_pullup, codec_ce_pullup, codec_power_on_pulldown, display_reset_pulldown, evidence_mask_p12_pulldown, evidence_mask_p13_pulldown, evidence_mask_p14_pulldown, evidence_mask_p15_pulldown, evidence_mask_p16_pulldown, evidence_mask_p17_pulldown, evidence_mask_scl_pullup, evidence_mask_sda_pullup, ext_any_req_pulldown, ext_en_pulldown, ext_evidence_input_pullup, ext_evidence_output_pullup, ext_pg_pullup, fault_assert_pullup, headphone_tip_detect_pullup, headset_detect_series, ir_carrier_host_pullup, ir_demod_host_pullup, ir_evidence_main_pullup, ir_evidence_output_pullup, ir_evidence_vref_bottom, ir_power_on_pulldown, ir_tx_carrier_pulldown, ir_tx_gate_pulldown, lcd_host_cs_pullup, nrf0_evidence_output_pullup, nrf0_evidence_threshold_bottom, nrf0_host_ce_pulldown, nrf0_host_csn_pullup, nrf0_host_irq_pullup, nrf0_host_miso_pulldown, nrf0_host_mosi_pulldown, nrf0_host_sck_pulldown, nrf0_module_ce_pulldown, nrf0_module_csn_pullup, nrf0_module_irq_pullup, nrf0_module_miso_pulldown, nrf0_module_mosi_pulldown, nrf0_module_sck_pulldown, nrf1_evidence_output_pullup, nrf1_evidence_threshold_bottom, nrf1_host_ce_pulldown, nrf1_host_csn_pullup, nrf1_host_irq_pullup, nrf1_host_miso_pulldown, nrf1_host_mosi_pulldown, nrf1_host_sck_pulldown, nrf1_module_ce_pulldown, nrf1_module_csn_pullup, nrf1_module_irq_pullup, nrf1_module_miso_pulldown, nrf1_module_mosi_pulldown, nrf1_module_sck_pulldown, nrf2_evidence_output_pullup, nrf2_evidence_threshold_bottom, nrf2_host_ce_pulldown, nrf2_host_csn_pullup, nrf2_host_irq_pullup, nrf2_host_miso_pulldown, nrf2_host_mosi_pulldown, nrf2_host_sck_pulldown, nrf2_module_ce_pulldown, nrf2_module_csn_pullup, nrf2_module_irq_pullup, nrf2_module_miso_pulldown, nrf2_module_mosi_pulldown, nrf2_module_sck_pulldown, nrf_evidence_hold_pulldown, nrf_power_on_pulldown, pack_alrt_pullup, pack_diag_gate_pulldown, pack_diag_trigger_pulldown, pack_gauge_scl_pullup, pack_gauge_sda_pullup, pack_hold_pullup, pack_hold_release_pulldown, pack_irq_gate_pulldown, pack_pfail_pullup, pd_eeprom_wp_pullup, power_fault_pullup, power_zone_temp_pullup, product_usb_fault_pullup, ptt_pullup, receiver_irq_pullup, receiver_power_on_pulldown, receiver_senb_pulldown, rf_zone_temp_pullup, rp_any_tx_main_pullup, rp_boot_pullup, rp_dbg_id0_strap, rp_dbg_id1_strap, rp_reset_pullup, run_loop_pullup, s3_boot_pullup, s3_dbg_id0_strap, s3_dbg_id1_strap, s3_detector_feedback_res, s3_detector_ground_res, s3_evidence_output_pullup, s3_evidence_threshold_bottom, s3_reset_gate_pullup, s3_reset_pullup, safe_c5_reset_gate_pullup, safe_latch_d_pullup, safe_por_pullup, safe_reset_gate_pullup, safety_fault_request_pulldown, safety_watchdog_mr_pullup, safety_watchdog_wdi_pulldown, safety_watchdog_wdo_pullup, sd_card_cmd_pullup, sd_card_dat0_pullup, sd_card_dat1_pullup, sd_card_dat2_pullup, sd_card_dat3_pullup, sd_detect_pullup, sd_host_cs_pullup, sd_host_d0_pulldown, sd_host_d1_pullup, sd_host_sck_pulldown, sd_on_pulldown, si_audio_l_sum, si_audio_r_sum, slow_io_fault_sense_pullup, slow_io_reset_pullup, slow_io_s3_evidence_pullup, speaker_amp_enable_pulldown, sys_int_pullup, touch_irq_pullup, touch_reset_pulldown, u214_req_pulldown, u214_supervisor_pullup, ui_input_down_pullup, ui_input_left_pullup, ui_input_ok_pullup, ui_input_right_pullup, ui_input_up_pullup, ui_zone_temp_pullup, unit_req_pulldown, unit_signal_iso_oe_pulldown, unit_supervisor_pullup, voice_band_p1_pulldown, voice_band_p2_pulldown, voice_band_p3_pulldown, voice_band_p4_pulldown, voice_band_p5_pulldown, voice_band_p6_pulldown, voice_band_p7_pulldown, voice_band_select_pulldown, voice_efuse_en_pullup, voice_en_pulldown, voice_evidence_hold_pulldown, voice_evidence_output_pullup, voice_evidence_threshold_bottom, voice_hl_req_pulldown, voice_pg_pullup, voice_ptt_pullup, voice_rx_series, voice_supervisor_pullup, voice_v_evidence_hold_pulldown, voice_v_evidence_threshold_bottom, voice_v_ptt_pullup",base_product,216,0.0097,0.0097,2.0952,0.673,73.505,quantity-100,216,2.0952,2160,20.952,1080,3.589,in_stock,C60490,209.52,
ti_tca9534a_pwr,TCA9534APWR,"headset_control_io, voice_band_io",base_product,2,1.0212,1.0212,2.0424,0.656,74.161,quantity-100,2,2.0424,20,20.424000000000003,10,7.657,in_stock,C206010,204.24,
ti_tps259470l_rpwr,Texas Instruments TPS259470LRPWR,"ext_efuse, unit_efuse",base_product,2,1.0196,1.0196,2.0392,0.655,74.816,quantity-100,2,2.0392,20,20.392000000000003,10,9.127,in_stock,C3662793,203.92000000000002,
tca4307dgkr,TCA4307DGKR,u214_i2c_iso,base_product,1,2.0137,2.0137,2.0137,0.647,75.463,quantity-100,1,2.0137,10,20.137,5,12.5045,in_stock,C880333,201.37,
alps_skrtlae010,Alps Alpine SKRTLAE010,"c5_boot_button, c5_reset_button, rp_boot_button, rp_reset_button, s3_boot_button, s3_reset_button",base_product,8,0.2433,0.2433,1.9464,0.625,76.088,quantity-100,8,1.9464,80,19.464,40,4.6176,in_stock,C110293,194.64,
nexperia_74lvc2g126dp_125,"Nexperia 74LVC2G126DP,125","cc_band_buffer, ir_return_buffer, nrf0_return_buffer, nrf1_return_buffer, nrf2_return_buffer",base_product,5,0.3753,0.3753,1.8765,0.603,76.69,quantity-100,5,1.8765,50,18.765,25,12.1425,in stock; 10-piece price tier for the 25-piece trial requirement,C503392,187.65,
yageo_cc0402krx7r9bb104,Yageo CC0402KRX7R9BB104,147 stocked 100-nF bypass capacitors / 147 складских развязывающих конденсаторов 100 нФ,base_product,173,0.0107,0.0107,1.8511,0.594,77.285,quantity-100,173,1.8511,1730,18.511,865,5.9535,in stock; 500-piece price tier for the 735-piece trial requirement,C131394,185.10999999999999,
ti_tps25751d_refr,Texas Instruments TPS25751DREFR,pd_controller,base_product,1,1.8384,1.8384,1.8384,0.59,77.875,quantity-100,1,1.8384,10,18.384,5,12.667,in_stock,C30169739,183.84,
gct_usb4105_gf_a,GCT USB4105-GF-A,"c5_service_usb_connector, rp_service_usb_connector",base_product,3,0.5745,0.5745,1.7235,0.553,78.429,quantity-100,3,1.7235,30,17.235,15,8.607,in_stock,C3020560,172.35,
tca6424argjr,TCA6424ARGJR,slow_io,base_product,1,1.7001,1.7001,1.7001,0.546,78.975,quantity-100,1,1.7001,10,17.000999999999998,5,6.09,in_stock,C80692,170.01,
skyworks_si4732_a10_gsr,Si4732-A10-GSR,receiver,base_product,1,1.6785,1.6785,1.6785,0.539,79.514,quantity-100,1,1.6785,10,16.785,5,14.3075,in_stock,C2155558,167.85000000000002,
ti_mspm0c1106_sdgs20r,Texas Instruments MSPM0C1106SDGS20R,"pack_admission, safety_controller",base_product,2,0.8384,0.8384,1.6768,0.539,80.052,quantity-100,2,1.6768,20,16.768,10,11.969000000000001,pre_order,C52995805,167.68,
ti_tps25974l_rpwr,Texas Instruments TPS25974LRPWR,"main_efuse, voice_efuse",base_product,2,0.7929,0.7929,1.5858,0.509,80.562,quantity-100,2,1.5858,20,15.858,10,8.656,in_stock,C3662931,158.58,
ti_tps3435cakagddfr,Texas Instruments TPS3435CAKAGDDFR,safety_watchdog,base_product,1,1.476,1.476,1.476,0.474,81.036,quantity-100,1,1.476,10,14.76,5,13.3575,in_stock,C6339182,147.6,
murata_grm31cr71e106ma12l,Murata GRM31CR71E106MA12L,"charger_bat_cap0, charger_bat_cap1, charger_pmid_cap0, charger_pmid_cap1, charger_pmid_cap2, charger_sys_cap0, charger_sys_cap1, charger_sys_cap2, charger_sys_cap3, charger_sys_cap4, charger_vbus_cap0, charger_vbus_cap1",base_product,12,0.1224,0.1224,1.4687999999999999,0.472,81.507,quantity-100,12,1.4687999999999999,120,14.687999999999999,60,12.3194,pre_order,C440205,146.88,
tdk_c1608x7r1c105k080ac,TDK C1608X7R1C105K080AC,"audio_capture_input_coupling, audio_capture_local_bias_cap, audio_capture_mic_coupling, audio_capture_rx_coupling, audio_vmid_cap, cc_evidence_hold_cap, cc_local_bulk_cap, cc_power_input_cap, codec_adc_n_coupling, codec_adc_p_coupling, codec_adcvref_cap, codec_dacvref_cap, codec_power_input_cap, codec_tx_coupling, codec_vmid_cap, ir_power_input_cap, mic_tx_coupling, nrf_evidence_hold_cap, nrf_power_input_cap, pack_diag_lockout_cap, product_usb_vpwr_cap, receiver_power_input_cap, s3_reset_delay_cap, sd_power_input_cap, si_audio_l_coupling, si_audio_r_coupling, slow_io_bulk_cap, speaker_amp_input_cap, speaker_input_n_coupling, speaker_input_p_coupling, voice_evidence_hold_cap, voice_io_power_input_cap, voice_io_power_output_cap, voice_mic_coupling, voice_rx_coupling, voice_v_evidence_hold_cap, voice_v_mic_coupling",base_product,37,0.0392,0.0392,1.4504,0.466,81.973,quantity-100,37,1.4504,370,14.504,185,9.8766,pre_order,C2167399,145.04,
onsemi_fsusb42_mux,onsemi FSUSB42MUX,"c5_service_usb_switch, rp_service_usb_switch",base_product,3,0.4663,0.4663,1.3989,0.449,82.422,quantity-100,3,1.3989,30,13.989,15,3.177,in_stock,C11355,139.89000000000001,
ti_tpd8e003_dqdr,Texas Instruments TPD8E003DQDR,"front_function_esd, ui_matrix_esd",base_product,2,0.6445,0.6445,1.289,0.414,82.836,quantity-100,2,1.289,20,12.889999999999999,10,9.273,in_stock,C2867469,128.9,
ti_tpd2eusb30a_drtr,Texas Instruments TPD2EUSB30ADRTR,"c5_service_usb_esd, rp_service_usb_esd",base_product,3,0.4219,0.4219,1.2657,0.406,83.243,quantity-100,3,1.2657,30,12.657,15,,not_matched,,126.57000000000001,
jae_dx07s016ja1r1500,JAE DX07S016JA1R1500,product_usb_connector,base_product,1,1.2272,1.2272,1.2272,0.394,83.637,quantity-100,1,1.2272,10,12.272,5,3.451,in_stock,C3197885,122.72000000000001,
vishay_tsop75238tr,Vishay TSOP75238TR,ir_demod,base_product,1,1.2231,1.2231,1.2231,0.393,84.03,quantity-100,1,1.2231,10,12.231000000000002,5,6.5055,thin public stock covers the five-device trial only; recheck complete-job stock or pre-order exact C511498,C511498,122.31,
skyworks_si5351a_b_gtr,SI5351A-B-GTR,programmable 112-MHz Airband local oscillator,base_product,1,1.218,1.218,1.218,0.391,84.421,quantity-100,1,1.218,10,12.18,5,,not matched,,121.8,
ti_tca9535_pwr,TCA9535PWR,evidence_mask,base_product,1,1.1915,1.1915,1.1915,0.383,84.803,quantity-100,1,1.1915,10,11.915,5,8.534,in_stock,C130204,119.15,
littelfuse_sesd0402x1un_0020_090,Littelfuse SESD0402X1UN-0020-090,"cc_rf_esd, receiver_ami_esd, receiver_fmi_esd",base_product,3,0.3794,0.3794,1.1382,0.366,85.169,quantity-100,3,1.1382,30,11.382000000000001,15,2.985,in_stock,C1973340,113.82000000000001,
nexperia_74lvc126apw_118,"Nexperia 74LVC126APW,118","cc_host_buffer, cc_return_buffer, nrf0_host_buffer, nrf1_host_buffer, nrf2_host_buffer, u214_host_buffer_a, u214_host_buffer_b, u214_return_buffer",base_product,8,0.1341,0.1341,1.0728,0.345,85.514,quantity-100,8,1.0728,80,10.728,40,13.968,pre_order,C2442297,107.28,
vishay_tsmp95000tt,Vishay TSMP95000TT,ir_carrier,base_product,1,1.06,1.06,1.06,0.34,85.854,quantity-100,1,1.06,10,10.600000000000001,5,,not_matched,,106.0,
vishay_wsl25125l000fea,Vishay WSL25125L000FEA,pack_shunt,base_product,1,1.06,1.06,1.06,0.34,86.194,quantity-100,1,1.06,10,10.600000000000001,5,2.208,in_stock,C844900,106.0,
ti_tps566231p_rqfr,TPS566231PRQFR,3V3_MAIN 6-A buck / силовой преобразователь 3V3_MAIN 6 А,base_product,1,1.0235,1.0235,1.0235,0.329,86.523,quantity-100,1,1.0235,10,10.235000000000001,5,,not matched,,102.35000000000001,
ti_tca9539_pwr,TCA9539PWR,ui_matrix_io,base_product,1,1.0196,1.0196,1.0196,0.327,86.851,quantity-100,1,1.0196,10,10.196000000000002,5,,not_matched,,101.96000000000001,
ttm_b0310j50100ahf,TTM Technologies B0310J50100AHF,cc_balun,base_product,1,0.9929,0.9929,0.9929,0.319,87.169,quantity-100,1,0.9929,10,9.929,5,,not_matched,,99.29,
davies_1227_j,Davies Molding 1227-J,encoder_knob,base_product,1,0.972,0.972,0.972,0.312,87.482,quantity-100,1,0.972,10,9.719999999999999,5,,not_matched,,97.2,
ti_tps22919_dckr,Texas Instruments TPS22919DCKR,"cc_power_switch, codec_power_switch, ir_power_switch, nrf_power_switch, receiver_power_switch, sd_power_switch, voice_io_power_switch",base_product,8,0.1189,0.1189,0.9512,0.305,87.787,quantity-100,8,0.9512,80,9.512,40,4.207,in_stock,C2149796,95.12,
same_sky_sj_43504_smt_tr,Same Sky SJ-43504-SMT-TR,headphone_jack,base_product,1,0.9304,0.9304,0.9304,0.299,88.086,quantity-100,1,0.9304,10,9.304,5,11.2055,in_stock,C20182908,93.04,
kyocera_avx_cp0603q5425entr,KYOCERA AVX CP0603Q5425ENTR,"c5_rf_coupler, s3_rf_coupler",base_product,2,0.4271,0.4271,0.8542,0.274,88.36,quantity-100,2,0.8542,20,8.542,10,9.052,pre_order,C2654257,85.42,
abracon_abm8_272_t3,Abracon ABM8-272-T3,rp_clock,base_product,2,0.4085,0.4085,0.817,0.262,88.623,quantity-100,2,0.817,20,8.17,10,1.8045,in_stock,C20625731,81.69999999999999,
murata_grm21br60j226me39l,Murata GRM21BR60J226ME39L,"headphone_l_coupling0, headphone_l_coupling1, headphone_r_coupling0, headphone_r_coupling1, s3_supply_bulk, sd_power_bulk_cap",base_product,6,0.1341,0.1341,0.8046,0.258,88.881,quantity-100,6,0.8046,60,8.046,30,3.5264,in_stock,C77071,80.46,
nexperia_74lvc2g14gv_125,"74LVC2G14GV,125",two stocked dual Schmitt inverters / два складских двойных Schmitt-инвертора,base_product,5,0.16,0.16,0.8,0.257,89.138,quantity-100,5,0.8,50,8.0,25,2.01,in stock for the complete ten-piece trial requirement,C426708,80.0,
ti_tlv9061_idbvr,TLV9061IDBVR,"audio_capture_buffer, ir_evidence_amp",base_product,2,0.394,0.394,0.788,0.253,89.391,quantity-100,2,0.788,20,7.880000000000001,10,1.2264,in_stock,C398358,78.8,
ti_tps3839k33_dbzr,Texas Instruments TPS3839K33DBZR,"codec_supervisor, receiver_supervisor",base_product,2,0.394,0.394,0.788,0.253,89.644,quantity-100,2,0.788,20,7.880000000000001,10,6.399,in_stock,C96333,78.8,
ti_sn74lvc2g66_dcur,Texas Instruments SN74LVC2G66DCUR,"codec_i2c_iso, receiver_i2c_iso",base_product,2,0.393,0.393,0.786,0.252,89.896,quantity-100,2,0.786,20,7.86,10,6.87,in_stock,C181970,78.60000000000001,
ck_js102011scqn,C&K JS102011SCQN,power_command_switch,base_product,1,0.7823,0.7823,0.7823,0.251,90.148,quantity-100,1,0.7823,10,7.823,5,9.151,in_stock,C221661,78.23,
ti_tpd4s201_rukr,Texas Instruments TPD4S201RUKR,product_usb_protector,base_product,1,0.7713,0.7713,0.7713,0.248,90.395,quantity-100,1,0.7713,10,7.713,5,10.426,in_stock,C49438759,77.13,
ti_csd87313dms,Texas Instruments CSD87313DMS,pack_power_fet,base_product,1,0.7651,0.7651,0.7651,0.246,90.641,quantity-100,1,0.7651,10,7.651,5,5.279,in stock; DMS changes only tape-and-reel quantity from the former DMST code,C2863848,76.51,
tdk_c1005x5r0j475k050bc,TDK C1005X5R0J475K050BC,"rp_dvdd_remote_bulk, rp_vreg_avdd_filter_cap, rp_vreg_output_bulk, rp_vreg_vin_bulk",base_product,8,0.0903,0.0903,0.7224,0.232,90.873,quantity-100,8,0.7224,80,7.224,40,8.9815,pre_order,C2167436,72.24000000000001,
murata_grm188r60j106me47d,Murata GRM188R60J106ME47D,"aon_efuse_output_cap, backlight_efuse_output_bulk, codec_power_output_cap, display_logic_bulk_cap, headset_microphone_bias_filter_cap, ir_power_output_cap, main_efuse_output_cap, microphone_bias_filter_cap, nrf0_module_bulk_cap, nrf1_module_bulk_cap, nrf2_module_bulk_cap, pack_admission_bulk_cap, pd_ldo1v5_cap, pd_ldo3v3_cap, pd_vin_cap, receiver_power_output_cap, safety_controller_bulk, speaker_amp_bulk_cap, voice_efuse_output_cap",base_product,19,0.0377,0.0377,0.7162999999999999,0.23,91.103,quantity-100,19,0.7162999999999999,190,7.162999999999999,95,7.1715,in_stock,C77041,71.63,
onsemi_cat24c512wi_gt3,onsemi CAT24C512WI-GT3,pd_config_eeprom,base_product,1,0.7133,0.7133,0.7133,0.229,91.332,quantity-100,1,0.7133,10,7.133000000000001,5,3.2075,in_stock,C79986,71.33,
ti_ts5a63157_dckr,Texas Instruments TS5A63157DCKR,"audio_capture_selector, audio_tx_selector, headset_mic_selector",base_product,3,0.233,0.233,0.6990000000000001,0.224,91.557,quantity-100,3,0.6990000000000001,30,6.99,15,4.3605,in_stock,C133575,69.9,
tdk_b57332v5103f360,TDK B57332V5103F360,"charger_ts_ntc, pack_ntc0, pack_ntc1, power_zone_ntc, rf_zone_ntc, ui_zone_ntc",base_product,6,0.1157,0.11569999999999998,0.6941999999999999,0.223,91.78,quantity-100,6,0.6941999999999999,60,6.941999999999999,30,3.1008,in_stock,C209893,69.41999999999999,
ti_sn74lvc2g08_dcur,Texas Instruments SN74LVC2G08DCUR,"audio_safe_gate, ext_branch_gate, voice_pd_gate",base_product,3,0.2296,0.2296,0.6888,0.221,92.001,quantity-100,3,0.6888,30,6.888,15,4.215,in_stock,C91875,68.88,
panasonic_erj_2rkf22r0x,Panasonic ERJ-2RKF22R0X,"c5_service_usb_dm_series, c5_service_usb_dp_series, cc_band_v1_series, cc_band_v2_series, cc_csn_series, cc_gdo0_series, cc_gdo2_series, cc_sclk_series, cc_si_series, cc_so_series, headphone_l_series, headphone_r_series, nrf0_ce_series, nrf0_csn_series, nrf0_irq_series, nrf0_miso_series, nrf0_mosi_series, nrf0_sck_series, nrf1_ce_series, nrf1_csn_series, nrf1_irq_series, nrf1_miso_series, nrf1_mosi_series, nrf1_sck_series, nrf2_ce_series, nrf2_csn_series, nrf2_irq_series, nrf2_miso_series, nrf2_mosi_series, nrf2_sck_series, product_usb_dm_series, product_usb_dp_series, sd_cmd_series, sd_cs_series, sd_miso_series, sd_sck_series, u214_series_busy, u214_series_gps_rx, u214_series_gps_tx, u214_series_irq, u214_series_miso, u214_series_mosi, u214_series_nss, u214_series_rst, u214_series_sck",base_product,44,0.0155,0.015499999999999998,0.6819999999999999,0.219,92.22,quantity-100,44,0.6819999999999999,440,6.819999999999999,220,2.5145,in_stock,C413049,68.19999999999999,
diodes_2n7002dw_7_f,Diodes Incorporated 2N7002DW-7-F,"pack_hold, pack_status_buffer, safe_reset_sink_a, safe_reset_sink_b",base_product,5,0.1277,0.1277,0.6385000000000001,0.205,92.425,quantity-100,5,0.6385000000000001,50,6.385000000000001,25,9.0012,pre_order,C83571,63.85000000000001,
ti_tps629203_drlr,Texas Instruments TPS629203DRLR,aon_buck,base_product,1,0.6192,0.6192,0.6192,0.199,92.624,quantity-100,1,0.6192,10,6.192,5,3.8655,in_stock,C5219295,61.919999999999995,
ti_tps2553drvr_1,Texas Instruments TPS2553DRVR-1,backlight_efuse,base_product,1,0.6093,0.6093,0.6093,0.196,92.819,quantity-100,1,0.6093,10,6.093,5,1.665,in_stock,C411878,60.92999999999999,
liteon_ltst_c190krkt,LTST-C190KRKT,"c5_tx_led, cc_tx_led, ext_tx_led, ir_tx_led, nrf0_tx_led, nrf1_tx_led, nrf2_tx_led, s3_tx_led, voice_tx_led",base_product,9,0.0675,0.0675,0.6075,0.195,93.014,quantity-100,9,0.6075,90,6.075,45,1.2375,in_stock,C94869,60.75000000000001,
ti_tps564252_drlr,Texas Instruments TPS564252DRLR,"ext_buck, main_buck, voice_buck",base_product,2,0.2953,0.2953,0.5906,0.19,93.204,quantity-100,2,0.5906,20,5.906000000000001,10,5.9445,in_stock,C19191267,59.06,
hirose_fh34srj_50s_0_5sh_50,Hirose FH34SRJ-50S-0.5SH(50),display_connector,base_product,1,0.5832,0.5832,0.5832,0.187,93.391,quantity-100,1,0.5832,10,5.832000000000001,5,2.9160000000000004,in_stock,C3169104,58.32000000000001,
sunlord_mwsa0503s_2r2mt,Sunlord MWSA0503S-2R2MT,charger_inductor,base_product,1,0.5751,0.5751,0.5751,0.185,93.576,quantity-100,1,0.5751,10,5.7509999999999994,5,1.1767,in_stock,C408408,57.50999999999999,
sunlord_mwsa0503s_4r7mt,Sunlord MWSA0503S-4R7MT,ext_inductor,base_product,1,0.5751,0.5751,0.5751,0.185,93.761,quantity-100,1,0.5751,10,5.7509999999999994,5,1.2677,in_stock,C408410,57.50999999999999,
vishay_vemd1060x01,VEMD1060X01,det_ir,base_product,1,0.5371,0.5371,0.5371,0.172,93.933,quantity-100,1,0.5371,10,5.371,5,4.807,in_stock,C144925,53.71,
murata_lqw2bas22ng00l,LQW2BAS22NG00L,two parallel inductor pairs in H3-R2 Airband shunt resonators,base_product,4,0.1329,0.1329,0.5316,0.171,94.104,quantity-100,4,0.5316,40,5.316,20,,not matched,,53.16,
ti_sn74lvc1g07_dckr,SN74LVC1G07DCKR,"ext_evidence_buffer, receiver_irq_iso, safe_c5_fault_reset_buffer, safe_run_fault_iso, safety_fault_request_iso, safety_s3_reset_iso, slow_io_fault_sense_iso, slow_io_s3_evidence_iso, touch_irq_buffer, voice_hl_driver",base_product,10,0.0509,0.0509,0.509,0.163,94.267,quantity-100,10,0.509,100,5.09,50,,not_matched,,50.9,
vishay_vsmy14940,Vishay VSMY14940,ir_emitter,base_product,1,0.5035,0.5035,0.5035,0.162,94.429,quantity-100,1,0.5035,10,5.034999999999999,5,3.8895,in_stock,C511069,50.349999999999994,
ti_tps25961_drvr,Texas Instruments TPS25961DRVR,aon_efuse,base_product,1,0.4513,0.4513,0.4513,0.145,94.574,quantity-100,1,0.4513,10,4.513,5,9.004,pre_order,C5571272,45.129999999999995,
ti_tvs2200_drvr,Texas Instruments TVS2200DRVR,pd_vbus_tvs,base_product,1,0.4493,0.4493,0.4493,0.144,94.718,quantity-100,1,0.4493,10,4.492999999999999,5,2.315,in_stock,C523793,44.93,
tdk_cga5l1x7r1e475k160ac,TDK CGA5L1X7R1E475K160AC,"aon_input_cap, charger_regn_cap, pd_vbus_cap",base_product,3,0.1419,0.1419,0.42569999999999997,0.137,94.855,quantity-100,3,0.42569999999999997,30,4.257,15,8.9787,pre_order,C2170392,42.56999999999999,
ti_sn74lvc08a_pwr,SN74LVC08APWR,"safe_gate_a, safe_gate_b",base_product,2,0.2127,0.2127,0.4254,0.137,94.992,quantity-100,2,0.4254,20,4.254,10,4.1107,in_stock,C465737,42.54,
infineon_bgs13sn8e6327xtsa1,Infineon BGS13SN8E6327XTSA1,"cc_switch_a, cc_switch_b",base_product,2,0.2126,0.2126,0.4252,0.137,95.128,quantity-100,2,0.4252,20,4.252000000000001,10,,not_matched,,42.52,
yageo_rc0402fr_07100kl,Yageo RC0402FR-07100KL,"aon_efuse_ovlo_bottom, audio_capture_local_bias_bottom, audio_capture_local_bias_top, audio_capture_mic_bias, audio_capture_rx_bias, audio_vmid_bottom, audio_vmid_top, c5_evidence_threshold_top, cc_evidence_threshold_top, charger_ilim_bottom, codec_ready_pulldown, fault_assert_sense_series, headset_absent_pulldown, headset_control_p1_pulldown, headset_control_p2_pulldown, headset_control_p3_pulldown, headset_control_p4_pulldown, headset_control_p5_pulldown, headset_control_p6_pulldown, headset_control_p7_pulldown, headset_mic_select_pullup, ir_evidence_threshold_top, ir_evidence_vref_top, main_en_pulldown, mic_tx_bias, nrf0_evidence_threshold_top, nrf1_evidence_threshold_top, nrf2_evidence_threshold_top, receiver_ready_pulldown, s3_evidence_threshold_top, safe_rearm_delay_res, si_audio_sum_bias, voice_audio_on_pulldown, voice_efuse_ovlo_bottom, voice_evidence_threshold_top, voice_rx_bias, voice_uart_rx_pulldown, voice_uart_tx_pulldown, voice_v_evidence_threshold_top, voice_v_uart_rx_pulldown",base_product,43,0.0097,0.0097,0.4171,0.134,95.262,quantity-100,43,0.4171,430,4.171,215,0.88,in_stock,C60491,41.71,
hirose_ufl_r_smt_1_10,Hirose U.FL-R-SMT-1(80),five native/module microcoax mates / пять микрокоаксиальных точек,base_product,5,0.0823,0.0823,0.4115,0.132,95.394,quantity-100,5,0.4115,50,4.115,25,2.54,"in stock; (80) is the same Hirose U.FL receptacle and footprint as (10), with reel packaging as the only changed order presentation",C88374,41.15,
ti_sn74lvc3g07_dcur,SN74LVC3G07DCUR,"evidence_main_isolator, safe_fault_reset_buffer",base_product,1,0.4087,0.4087,0.4087,0.131,95.526,quantity-100,1,0.4087,10,4.087,5,4.45,in_stock,C131955,40.87,
same_sky_cmej_0413_42_smt_tr,Same Sky CMEJ-0413-42-SMT-TR,microphone,base_product,1,0.3909,0.3909,0.3909,0.126,95.651,quantity-100,1,0.3909,10,3.9090000000000003,5,9.3156,pre_order,C3273679,39.09,
ti_sn74lvc1g74_dcur,SN74LVC1G74DCUR,safe_latch,base_product,2,0.1901,0.1901,0.3802,0.122,95.773,quantity-100,2,0.3802,20,3.8019999999999996,10,1.1945,in_stock,C70285,38.019999999999996,
bourns_crm2512_fx_20r0elf,Bourns CRM2512-FX-20R0ELF,"pack_diag_res0, pack_diag_res1",base_product,2,0.184,0.184,0.368,0.118,95.891,quantity-100,2,0.368,20,3.6799999999999997,10,3.508,in_stock,C1848837,36.8,
ti_tca9803_dgkr,TCA9803DGKR,H2-R2.0.3 exact Pack/Safety powered-off boundary,base_product,1,0.3525,0.3525,0.3525,0.113,96.005,quantity-100,1,0.3525,10,3.525,5,,not matched,,35.25,
diodes_pam8302a_aycr,Diodes Incorporated PAM8302AAYCR,speaker_amp,base_product,1,0.351,0.351,0.351,0.113,96.117,quantity-100,1,0.351,10,3.51,5,9.5301,pre_order,C4990730,35.099999999999994,
diodes_bat54_7_f,Diodes Incorporated BAT54-7-F,"cc_evidence_hold_diode, nrf_evidence_hold_diode, pack_system_diode, voice_evidence_hold_diode, voice_v_evidence_hold_diode",base_product,5,0.0698,0.0698,0.349,0.112,96.229,quantity-100,5,0.349,50,3.4899999999999998,25,0.8875,in_stock,C106920,34.9,
ti_txs0102_dcur,Texas Instruments TXS0102DCUR,unit_signal_iso,base_product,1,0.348,0.348,0.348,0.112,96.341,quantity-100,1,0.348,10,3.4799999999999995,5,1.137,in_stock,C53434,34.8,
vishay_tnpw040243k7beed,Vishay TNPW040243K7BEED,main_fb_top,base_product,1,0.3475,0.3475,0.3475,0.112,96.453,quantity-100,1,0.3475,10,3.4749999999999996,5,8.9568,pre_order,C4056533,34.75,
abracon_abm8_26mhz_10_d_1_g_t,Abracon ABM8-26.000MHZ-10-D-1-G-T,cc_crystal,base_product,1,0.3257,0.3257,0.3257,0.105,96.557,quantity-100,1,0.3257,10,3.2569999999999997,5,2.493,in_stock,C1985475,32.57,
murata_grm31c5c1h224je02l,Murata GRM31C5C1H224JE02L,pack_diag_timer_cap,base_product,1,0.3198,0.3198,0.3198,0.103,96.66,quantity-100,1,0.3198,10,3.1979999999999995,5,1.8095,in_stock,C464977,31.979999999999997,
ti_sn74cbtlv1g125_dckr,SN74CBTLV1G125DCKR,U219 pin-10 bidirectional isolation / двунаправленная развязка pin 10 U219,base_product,1,0.3144,0.3144,0.3144,0.101,96.761,quantity-100,1,0.3144,10,3.144,5,,not matched,,31.44,
murata_grm21br71e225ke11l,Murata GRM21BR71E225KE11L,"ext_input_cap, ext_output_cap, safe_rearm_delay_cap, unit_input_cap, unit_output_cap",base_product,5,0.0612,0.0612,0.306,0.098,96.859,quantity-100,5,0.306,50,3.06,25,1.7688,in_stock,C77081,30.599999999999998,
abracon_aota_b201610s3r3_101_t,Abracon AOTA-B201610S3R3-101-T,rp_vreg_inductor,base_product,2,0.1512,0.1512,0.3024,0.097,96.956,quantity-100,2,0.3024,20,3.024,10,1.427,in_stock,C42411119,30.240000000000002,
everest_es8311_qfn20,Everest Semiconductor ES8311,codec,base_product,1,0.3024,0.3024,0.3024,0.097,97.054,quantity-100,1,0.3024,10,3.024,5,2.761,in_stock,C962342,30.240000000000002,
onsemi_bat54alt1g,BAT54ALT1G,"evidence_or_0, evidence_or_1, evidence_or_2, evidence_or_3, evidence_or_4",base_product,5,0.0577,0.057699999999999994,0.2885,0.093,97.146,quantity-100,5,0.2885,50,2.885,25,0.9338,in_stock,C92068,28.849999999999998,
diodes_dmn2056u_7,Diodes Incorporated DMN2056U-7,"backlight_mosfet, ir_tx_mosfet, pack_diag_switch",base_product,5,0.0562,0.05620000000000001,0.281,0.09,97.236,quantity-100,5,0.281,50,2.8100000000000005,25,1.3224,in_stock,C332302,28.1,
murata_gjm1555c1h150jb01d,Murata GJM1555C1H150JB01D,"cc_crystal_load_q1, cc_crystal_load_q2, rp_clock_load_xin, rp_clock_load_xout",base_product,7,0.0392,0.0392,0.2744,0.088,97.325,quantity-100,7,0.2744,70,2.7439999999999998,35,0.8484,in_stock,C88877,27.439999999999998,
murata_lqw2uasr56f00l,LQW2UASR56F00L,H3-R2 verified Airband centre series resonator,base_product,1,0.272,0.272,0.272,0.087,97.412,quantity-100,1,0.272,10,2.72,5,,not matched,,27.200000000000003,
murata_lqw2basr22g00l,LQW2BASR22G00L,H3-R2 verified Airband outer series resonators,base_product,2,0.1324,0.1324,0.2648,0.085,97.497,quantity-100,2,0.2648,20,2.6479999999999997,10,,not matched,,26.479999999999997,
murata_lqw2bas47ng00l,LQW2BAS47NG00L,H3-R2 verified Airband outer series resonator trims,base_product,2,0.1319,0.1319,0.2638,0.085,97.582,quantity-100,2,0.2638,20,2.638,10,,not matched,,26.38,
ti_sn74lvc3g34_dcur,SN74LVC3G34DCUR,sd_host_buffer,base_product,1,0.2616,0.2616,0.2616,0.084,97.666,quantity-100,1,0.2616,10,2.616,5,2.631,in_stock,C130024,26.16,
ti_sn74lvc1g06_dckr,Texas Instruments SN74LVC1G06DCKR,"safe_c5_reset_buffer, safe_reset_buffer",base_product,3,0.0749,0.0749,0.22469999999999998,0.072,97.738,quantity-100,3,0.22469999999999998,30,2.247,15,2.0088,in_stock,C7828,22.47,
ti_sn74lvc1g126_dckr,Texas Instruments SN74LVC1G126DCKR,"codec_i2s_bclk_iso, codec_i2s_din_iso, codec_i2s_dout_iso, codec_i2s_ws_iso",base_product,4,0.0546,0.0546,0.2184,0.07,97.808,quantity-100,4,0.2184,40,2.184,20,2.4548,in_stock,C88039,21.84,
epson_q13fc13500005,Seiko Epson Q13FC13500005,receiver_clock,base_product,1,0.2154,0.2154,0.2154,0.069,97.877,quantity-100,1,0.2154,10,2.154,5,1.3205,in_stock,C841881,21.54,
murata_grm188r71e474ka12d,Murata GRM188R71E474KA12D,"pack_aoldo_cap, pack_cp_cap, pack_reg2_cap, pack_reg3_cap",base_product,4,0.0496,0.0496,0.1984,0.064,97.941,quantity-100,4,0.1984,40,1.984,20,1.1256,in_stock,C77052,19.84,
ti_sn74lvc1g08_dckr,SN74LVC1G08DCKR,"cc_backup_gate, codec_i2s_din_boot_gate, ir_safe_gate, nrf_backup_gate",base_product,4,0.049,0.049,0.196,0.063,98.004,quantity-100,4,0.196,40,1.96,20,,not_matched,,19.6,
nexperia_74hc20pw_118,"74HC20PW,118",dual four-input NAND for qualified ownership release and asynchronous mux disconnect,base_product,1,0.1903,0.1903,0.1903,0.061,98.065,quantity-100,1,0.1903,10,1.903,5,,not matched,,19.03,
murata_grm31cr71a226ke15l,Murata GRM31CR71A226KE15L,aon_output_cap,base_product,1,0.1884,0.1884,0.1884,0.061,98.125,quantity-100,1,0.1884,10,1.8840000000000001,5,1.6485,in_stock,C91604,18.84,
vishay_tnpw040210k0beed,Vishay TNPW040210K0BEED,main_fb_bottom,base_product,1,0.1812,0.1812,0.1812,0.058,98.184,quantity-100,1,0.1812,10,1.812,5,0.5894,in_stock,C844452,18.12,
murata_grm188z71a475me15d,Murata GRM188Z71A475ME15D,"ir_carrier_supply_cap, ir_demod_supply_cap",base_product,2,0.0899,0.0899,0.1798,0.058,98.241,quantity-100,2,0.1798,20,1.7979999999999998,10,1.0272,in_stock,C3835885,17.98,
murata_grm155r71a474ke01d,Murata GRM155R71A474KE01D,receiver_ami_coupling_cap,base_product,1,0.1771,0.1771,0.1771,0.057,98.298,quantity-100,1,0.1771,10,1.7710000000000001,5,0.1765,in_stock,C88946,17.71,
prodtech_pspmaa0605h_2r2m_anp,PSPMAA0605H-2R2M-ANP,"3V3_MAIN 2.2-uH power inductor / силовой дроссель 3V3_MAIN 2,2 мкГн",base_product,1,0.1733,0.1733,0.1733,0.056,98.354,quantity-100,1,0.1733,10,1.733,5,,not matched,,17.330000000000002,
murata_blm18pg181sn1d,Murata BLM18PG181SN1D,"codec_avdd_bead, codec_dvdd_bead, speaker_output_bead_n, speaker_output_bead_p",base_product,4,0.0431,0.0431,0.1724,0.055,98.409,quantity-100,4,0.1724,40,1.724,20,0.453,in_stock,C82850,17.24,
ti_lmv331_idbvr,LMV331IDBVR,U219 NFC evidence comparator / компаратор evidence NFC U219,base_product,1,0.1648,0.1648,0.1648,0.053,98.462,quantity-100,1,0.1648,10,1.6480000000000001,5,,not matched,,16.48,
murata_grm1555c1h121ja01d,Murata GRM1555C1H121JA01D,"cc_detector_filter, main_efuse_itimer_cap, nrf0_detector_filter, nrf1_detector_filter, nrf2_detector_filter, voice_detector_filter, voice_efuse_itimer_cap, voice_v_detector_filter",base_product,8,0.0197,0.0197,0.1576,0.051,98.513,quantity-100,8,0.1576,80,1.5759999999999998,40,8.9565,pre_order,C76949,15.76,
yageo_rc0402fr_071kl,Yageo RC0402FR-071KL,"c5_dbg_boot_series, c5_dbg_reset_series, c5_dbg_vtref_series, ext_evidence_input_series, pack_pckp_res, rp_clock_series, rp_dbg_boot_series, rp_dbg_reset_series, rp_dbg_vtref_series, s3_dbg_boot_series, s3_dbg_reset_series, s3_dbg_vtref_series",base_product,16,0.0097,0.0097,0.1552,0.05,98.563,quantity-100,16,0.1552,160,1.552,80,,not_matched,,15.52,
yageo_rc0402fr_071ml,Yageo RC0402FR-071ML,"c5_evidence_hysteresis, c5_service_usb_vbus_bleeder, cc_evidence_hysteresis, fault_assert_backup_pulldown, ir_evidence_hysteresis, nrf0_evidence_hysteresis, nrf1_evidence_hysteresis, nrf2_evidence_hysteresis, rp_service_usb_vbus_bleeder, s3_evidence_hysteresis, voice_evidence_hysteresis, voice_v_evidence_hysteresis",base_product,15,0.0097,0.009700000000000002,0.14550000000000002,0.047,98.609,quantity-100,15,0.14550000000000002,150,1.455,75,0.2665,in_stock,C138033,14.550000000000002,
murata_grm1555c1h102ja01d,Murata GRM1555C1H102JA01D,receiver_fmi_coupling_cap,base_product,8,0.0181,0.0181,0.1448,0.047,98.656,quantity-100,8,0.1448,80,1.4480000000000002,40,0.208,in_stock,C76947,14.48,
ti_sn74lvc1g17_dckr,SN74LVC1G17DCKR,safe_rearm_buffer,base_product,1,0.1434,0.1434,0.1434,0.046,98.702,quantity-100,1,0.1434,10,1.434,5,,not_matched,,14.34,
yageo_rc0402fr_073k32l,Yageo RC0402FR-073K32L,"encoder_a_pullup, encoder_b_pullup, ui_input_back_pullup, ui_input_encoder_pullup, ui_input_f1_pullup, ui_input_f2_pullup, ui_input_f3_pullup, ui_input_f4_pullup, ui_input_f5_pullup, ui_input_f6_pullup, ui_input_f7_pullup, ui_input_f8_pullup, ui_input_opt_pullup, voice_efuse_rilm",base_product,14,0.0097,0.0097,0.1358,0.044,98.746,quantity-100,14,0.1358,140,1.358,70,0.328,in_stock,C137993,13.58,
ti_sn74lvc1g3157_dbvr,Texas Instruments SN74LVC1G3157DBVR,audio_rx_mux,base_product,1,0.1301,0.1301,0.1301,0.042,98.787,quantity-100,1,0.1301,10,1.301,5,1.2555,in_stock,C10426,13.01,
diodes_mmbt3904_7_f,Diodes Incorporated MMBT3904-7-F,"ext_pg_qualifier, voice_pg_qualifier",base_product,2,0.0597,0.0597,0.1194,0.038,98.826,quantity-100,2,0.1194,20,1.194,10,0.9555,in_stock,C94514,11.940000000000001,
murata_lqw2basr33g00l,LQW2BASR33G00L,PGA-103+ bias choke,base_product,1,0.1158,0.1158,0.1158,0.037,98.863,quantity-100,1,0.1158,10,1.158,5,,not matched,,11.58,
murata_lqw15an12ng80d,LQW15AN12NG80D,official DC1027A differential mixer-input match,base_product,2,0.0576,0.0576,0.1152,0.037,98.9,quantity-100,2,0.1152,20,1.152,10,,not matched,,11.52,
suzhou_liming_3225_27_00_10_10_10_a,3225-27.00-10-10-10/A,factory-stocked 27-MHz SI5351 reference,base_product,1,0.111,0.111,0.111,0.036,98.936,quantity-100,1,0.111,10,1.11,5,,not matched,,11.1,
yageo_rc0402fr_07220kl,Yageo RC0402FR-07220KL,"ext_buck_fb_top, pack_mid_adc_top0, pack_mid_adc_top1, pack_stack_adc_top0, pack_stack_adc_top1, pack_stack_adc_top2, pack_stack_adc_top3, pack_stack_adc_top4, u214_supervisor_sense_bottom, unit_supervisor_sense_bottom, voice_supervisor_sense_bottom",base_product,11,0.0097,0.0097,0.1067,0.034,98.97,quantity-100,11,0.1067,110,1.067,55,0.26,in_stock,C138030,10.67,
kemet_c0402c330j5gactu,KEMET C0402C330J5GACTU,"c5_detector_output_cap, ext_buck_ff_cap, main_ff_cap, s3_detector_output_cap, voice_ff_cap",base_product,5,0.0213,0.0213,0.1065,0.034,99.004,quantity-100,5,0.1065,50,1.065,25,1.3825,in_stock,C2649530,10.65,
murata_gjm1555c1h1r4wb01d,GJM1555C1H1R4WB01D,H3-R2 verified Airband shunt-resonator fine-trim capacitors,base_product,2,0.0523,0.0523,0.1046,0.034,99.038,quantity-100,2,0.1046,20,1.046,10,,not matched,,10.459999999999999,
nexperia_74lvc1g32gv_125,"74LVC1G32GV,125","ext_request_or, safe_ptt_or",base_product,2,0.0523,0.0523,0.1046,0.034,99.071,quantity-100,2,0.1046,20,1.046,10,1.8466,in_stock,C12517,10.459999999999999,
uniroyal_0402wgf2201tce,UNI-ROYAL 0402WGF2201TCE,"c5_tx_led_series, cc_tx_led_series, codec_i2c_scl_pullup, codec_i2c_sda_pullup, codec_tx_atten_bottom, ext_tx_led_series, fault_led_series, headset_mic_bias_res, ir_tx_led_series, microphone_bias_res, nrf0_tx_led_series, nrf1_tx_led_series, nrf2_tx_led_series, pd_local_scl_pullup, pd_local_sda_pullup, receiver_i2c_scl_pullup, receiver_i2c_sda_pullup, s3_tx_led_series, sys_i2c_scl_pullup, sys_i2c_sda_pullup, u214_i2c_host_scl_pullup, u214_i2c_host_sda_pullup, voice_tx_led_series",base_product,25,0.0039,0.0038999999999999994,0.09749999999999999,0.031,99.103,quantity-100,25,0.09749999999999999,250,0.9749999999999999,125,0.4485,in stock,C25879,9.749999999999998,
yageo_rc0402fr_0747kl,Yageo RC0402FR-0747KL,"aon_pg_pullup, ext_ovlo_bottom, ir_evidence_feedback, pack_admission_reset_pullup, power_command_pullup, safety_controller_reset_pullup, speaker_input_n_gain, speaker_input_p_gain, unit_ovlo_bottom, voice_supervisor_sense_top",base_product,10,0.0097,0.0097,0.097,0.031,99.134,quantity-100,10,0.097,100,0.97,50,0.2542,in_stock,C93943,9.700000000000001,
murata_lqg15hs10nj02d,Murata LQG15HS10NJ02D,"cc_315_l10_in, cc_315_l10_out, cc_868_915_l10",base_product,3,0.031,0.031,0.093,0.03,99.164,quantity-100,3,0.093,30,0.9299999999999999,15,0.46,in_stock,C77103,9.3,
murata_grm155r71h103ka88d,Murata GRM155R71H103KA88D,"codec_tx_filter, pack_admission_reset_cap, pack_mid_adc_filter, pack_stack_adc_filter, safety_controller_reset_cap, u214_supervisor_ct, unit_supervisor_ct, voice_supervisor_ct",base_product,9,0.0097,0.0097,0.0873,0.028,99.192,quantity-100,9,0.0873,90,0.873,45,0.5044,in_stock,C77019,8.73,
samsung_cl05a105ka5nqnc,Samsung CL05A105KA5NQNC,two Pack/Safety powered-off-boundary capacitors plus five Airband switched-domain bulk bypasses,base_product,7,0.012,0.012,0.084,0.027,99.219,quantity-100,7,0.084,70,0.8400000000000001,35,,not matched,,8.4,
murata_lqw15an47ng80d,LQW15AN47NG80D,official-reference LT5560 LO match,base_product,1,0.0837,0.0837,0.0837,0.027,99.245,quantity-100,1,0.0837,10,0.837,5,,not matched,,8.37,
yageo_rc0402fr_075k1l,Yageo RC0402FR-075K1L,"c5_service_usb_cc1_rd, c5_service_usb_cc2_rd, rp_service_usb_cc1_rd, rp_service_usb_cc2_rd, voice_detector_series_attenuator, voice_v_detector_series_attenuator",base_product,8,0.0103,0.0103,0.0824,0.026,99.272,quantity-100,8,0.0824,80,0.8240000000000001,40,0.14,in_stock,C105872,8.24,
yageo_rt0402brd07191kl,Yageo RT0402BRD07191KL,main_efuse_ovlo_top,base_product,1,0.082,0.082,0.082,0.026,99.298,quantity-100,1,0.082,10,0.8200000000000001,5,8.976,pre_order,C852583,8.200000000000001,
yageo_rc0402fr_07470rl,Yageo RC0402FR-07470RL,"c5_dbg0_series, c5_dbg1_series, rp_dbg0_series, rp_dbg1_series, s3_dbg0_series, s3_dbg1_series",base_product,8,0.0097,0.0097,0.0776,0.025,99.323,quantity-100,8,0.0776,80,0.776,40,0.164,in_stock,C114877,7.76,
murata_grm1555c1h221ja01d,Murata GRM1555C1H221JA01D,"pd_cc1_cap, pd_cc2_cap, speaker_output_cap_n, speaker_output_cap_p",base_product,4,0.0177,0.0177,0.0708,0.023,99.346,quantity-100,4,0.0708,40,0.708,20,0.147,in_stock,C71693,7.08,
panasonic_erj_p08f10r0v,Panasonic ERJ-P08F10R0V,pack_in_res,base_product,1,0.0689,0.0689,0.0689,0.022,99.368,quantity-100,1,0.0689,10,0.6890000000000001,5,0.4905,in_stock,C4064522,6.890000000000001,
yageo_rc0402fr_07100rl,Yageo RC0402FR-07100RL,"backlight_gate_series, charger_batp_res, ir_carrier_series, ir_carrier_supply_res, ir_demod_series, ir_demod_supply_res, ir_tx_gate_series",base_product,7,0.0097,0.0097,0.0679,0.022,99.39,quantity-100,7,0.0679,70,0.679,35,,not_matched,,6.79,
nexperia_bat54s_215,"BAT54S,215",two-package U219 NFC field bridge / двухкорпусный мост поля NFC U219,base_product,2,0.0335,0.0335,0.067,0.022,99.411,quantity-100,2,0.067,20,0.67,10,,not matched,,6.7,
yageo_rt0402brd07100kl,Yageo RT0402BRD07100KL,main_efuse_ovlo_bottom,base_product,1,0.0646,0.0646,0.0646,0.021,99.432,quantity-100,1,0.0646,10,0.646,5,0.53,in_stock,C852472,6.460000000000001,
liteon_ltst_c190kfkt,LTST-C190KFKT,fault_led,base_product,1,0.0637,0.0637,0.0637,0.02,99.453,quantity-100,1,0.0637,10,0.637,5,0.476,in_stock,C157740,6.370000000000001,
murata_gcm1555c1h200fa16d,GCM1555C1H200FA16D,H3-R2 verified Airband shunt-resonator trim capacitors,base_product,2,0.0312,0.0312,0.0624,0.02,99.473,quantity-100,2,0.0624,20,0.624,10,,not matched,,6.239999999999999,
panasonic_erj_2rkf27r0x,Panasonic ERJ-2RKF27R0X,"rp_service_usb_dm_series, rp_service_usb_dp_series",base_product,4,0.0155,0.0155,0.062,0.02,99.492,quantity-100,4,0.062,40,0.62,20,0.092,in_stock,C413051,6.2,
murata_gjm1555c1h5r8wb01d,GJM1555C1H5R8WB01D,H3-R2 verified Airband output series capacitor,base_product,1,0.0612,0.0612,0.0612,0.02,99.512,quantity-100,1,0.0612,10,0.612,5,,not matched,,6.12,
murata_grm188r71e224ka88d,Murata GRM188R71E224KA88D,"ext_itimer_cap, unit_itimer_cap",base_product,2,0.0306,0.0306,0.0612,0.02,99.532,quantity-100,2,0.0612,20,0.612,10,0.502,in_stock,C77051,6.12,
ti_sn74lvc1g125_dckr,Texas Instruments SN74LVC1G125DCKR,sd_miso_buffer,base_product,1,0.0583,0.0583,0.0583,0.019,99.551,quantity-100,1,0.0583,10,0.583,5,1.0791,in_stock,C7833,5.83,
yageo_rc0402jr_070rl,Yageo RC0402JR-070RL,"audio_ground_link, codec_adc_n_series, codec_adc_p_series",base_product,12,0.0048,0.0048,0.0576,0.018,99.569,quantity-100,12,0.0576,120,0.576,60,0.102,in_stock,C60485,5.76,
murata_gjm1555c1h5r7wb01d,GJM1555C1H5R7WB01D,H3-R2 verified Airband input series capacitor,base_product,1,0.0542,0.0542,0.0542,0.017,99.586,quantity-100,1,0.0542,10,0.542,5,,not matched,,5.42,
murata_gcm1555c1h121fa16d,GCM1555C1H121FA16D,H3-R2 verified Airband shunt-resonator base capacitors,base_product,2,0.0266,0.0266,0.0532,0.017,99.604,quantity-100,2,0.0532,20,0.532,10,,not matched,,5.319999999999999,
yageo_rc0603fr_071kl,Yageo RC0603FR-071KL,"ext_bleeder, ptt_series, sd_detect_series, unit_bleeder",base_product,4,0.0122,0.0122,0.0488,0.016,99.619,quantity-100,4,0.0488,40,0.48800000000000004,20,0.156,in_stock,C22548,4.88,
yageo_rc0402fr_07169kl,Yageo RC0402FR-07169KL,"ext_ovlo_top, pack_diag_timer_res, pack_mid_adc_bottom, pack_stack_adc_bottom, unit_ovlo_top",base_product,5,0.0097,0.0097,0.0485,0.016,99.635,quantity-100,5,0.0485,50,0.485,25,0.077,in_stock,C327367,4.8500000000000005,
yageo_rc0402fr_0749r9l,Yageo RC0402FR-0749R9L,"c5_rf_coupler_termination, nrf0_coupler_termination, nrf1_coupler_termination, nrf2_coupler_termination, s3_rf_coupler_termination",base_product,5,0.0097,0.0097,0.0485,0.016,99.65,quantity-100,5,0.0485,50,0.485,25,0.1435,in_stock,C87044,4.8500000000000005,
yageo_rc0402fr_0752r3l,Yageo RC0402FR-0752R3L,"nrf0_detector_match, nrf1_detector_match, nrf2_detector_match, voice_detector_match, voice_v_detector_match",base_product,5,0.0097,0.0097,0.0485,0.016,99.666,quantity-100,5,0.0485,50,0.485,25,0.051,in_stock,C273696,4.8500000000000005,
onsemi_bav70lt1g,onsemi BAV70LT1G,pack_supply_or,base_product,1,0.046,0.046,0.046,0.015,99.681,quantity-100,1,0.046,10,0.45999999999999996,5,0.134,in_stock,C82479,4.6,
murata_lqw15an56ng00d,Murata LQW15AN56NG00D,receiver_fmi_match_inductor,base_product,1,0.0447,0.0447,0.0447,0.014,99.695,quantity-100,1,0.0447,10,0.44699999999999995,5,0.2235,in stock; G tightens the inductance tolerance from +/-5% to +/-2% without changing the 0402 body or RF limits,C167482,4.47,
sunlord_wpn201612h2r2mt,Sunlord WPN201612H2R2MT,aon_inductor,base_product,1,0.0426,0.0426,0.0426,0.014,99.709,quantity-100,1,0.0426,10,0.426,5,0.4653,in_stock,C97025,4.26,
seeed_1125r_smt_4p,1125R-SMT-4P,unit_connector,base_product,1,0.042,0.042,0.042,0.013,99.722,quantity-100,1,0.042,10,0.42000000000000004,5,,not_matched,,4.2,
murata_gjm1555c1h100jb01d,Murata GJM1555C1H100JB01D,cc_433_shunt_c10p,base_product,1,0.0417,0.0417,0.0417,0.013,99.736,quantity-100,1,0.0417,10,0.41700000000000004,5,0.28,in_stock,C85874,4.17,
murata_grm155r71h472ka01d,Murata GRM155R71H472KA01D,"ext_dvdt_cap, main_efuse_dvdt_cap, unit_dvdt_cap, voice_efuse_dvdt_cap",base_product,4,0.0098,0.0098,0.0392,0.013,99.748,quantity-100,4,0.0392,40,0.392,20,0.339,in_stock,C77024,3.92,
yageo_rc0402fr_0768kl,Yageo RC0402FR-0768KL,"ext_pg_base_res, voice_efuse_pg_top, voice_fb_top, voice_pg_base_res",base_product,4,0.0097,0.0097,0.0388,0.012,99.761,quantity-100,4,0.0388,40,0.388,20,0.114,in_stock,C137947,3.88,
murata_gjm1555c1hr47bb01d,Murata GJM1555C1HR47BB01D,cc_detector_tap_cap,base_product,1,0.0346,0.0346,0.0346,0.011,99.772,quantity-100,1,0.0346,10,0.346,5,8.9569,pre_order,C2168943,3.46,
murata_gjm1555c1h1r2bb01d,Murata GJM1555C1H1R2BB01D,cc_match_c1p2,base_product,1,0.031,0.031,0.031,0.01,99.782,quantity-100,1,0.031,10,0.31,5,0.586,in_stock,C72135,3.1,
murata_gjm1555c1hr60bb01d,Murata GJM1555C1HR60BB01D,cc_rf_diff_cap,base_product,1,0.031,0.031,0.031,0.01,99.792,quantity-100,1,0.031,10,0.31,5,0.372,in_stock,C76913,3.1,
murata_lqg15hs15nj02d,Murata LQG15HS15NJ02D,cc_433_l15,base_product,1,0.031,0.031,0.031,0.01,99.802,quantity-100,1,0.031,10,0.31,5,0.406,in_stock,C86059,3.1,
murata_lqg15hs2n2s02d,Murata LQG15HS2N2S02D,cc_output_l2n2,base_product,1,0.031,0.031,0.031,0.01,99.812,quantity-100,1,0.031,10,0.31,5,0.364,in_stock,C86061,3.1,
murata_lqg15hs3n3s02d,Murata LQG15HS3N3S02D,cc_match_l3n3,base_product,1,0.031,0.031,0.031,0.01,99.822,quantity-100,1,0.031,10,0.31,5,0.39,in_stock,C86064,3.1,
murata_lqg15hs3n6s02d,Murata LQG15HS3N6S02D,cc_315_shunt_l3n6,base_product,1,0.031,0.031,0.031,0.01,99.831,quantity-100,1,0.031,10,0.31,5,0.614,in_stock,C19216,3.1,
murata_lqg15hs6n8j02d,Murata LQG15HS6N8J02D,cc_match_l6n8,base_product,1,0.031,0.031,0.031,0.01,99.841,quantity-100,1,0.031,10,0.31,5,0.356,in_stock,C77110,3.1,
kemet_c0402c102k5ractu,KEMET C0402C102K5RACTU,"charger_sdrv_cap, ir_evidence_feedback_cap",base_product,2,0.015,0.015,0.03,0.01,99.851,quantity-100,2,0.03,20,0.3,10,0.182,in_stock,C2649506,3.0,
murata_grm1555c1h390ja01d,Murata GRM1555C1H390JA01D,"c5_detector_input_cap, s3_detector_input_cap",base_product,2,0.014,0.014,0.028,0.009,99.86,quantity-100,2,0.028,20,0.28,10,8.9582,pre_order,C76966,2.8000000000000003,
yageo_cc0603krx7r0bb104,Yageo CC0603KRX7R0BB104,stocked 100-nF 100-V USB VBIAS capacitor / складской конденсатор USB VBIAS 100 нФ 100 В,base_product,1,0.026,0.026,0.026,0.008,99.868,quantity-100,1,0.026,10,0.26,5,0.13,in stock,C113803,2.6,
murata_gjm1555c1h4r7bb01d,GJM1555C1H4R7BB01D,official-reference LT5560 LO match capacitor,base_product,1,0.0258,0.0258,0.0258,0.008,99.877,quantity-100,1,0.0258,10,0.258,5,,not matched,,2.58,
murata_grm155r71e473ka88d,Murata GRM155R71E473KA88D,"charger_btst1_cap, charger_btst2_cap",base_product,2,0.0126,0.0126,0.0252,0.008,99.885,quantity-100,2,0.0252,20,0.252,10,0.148,in_stock,C77017,2.52,
murata_gjm1555c1h6r2db01d,Murata GJM1555C1H6R2DB01D,cc_433_shunt_c6p2,base_product,1,0.021,0.021,0.021,0.007,99.892,quantity-100,1,0.021,10,0.21000000000000002,5,0.278,in_stock,C161332,2.1,
samsung_cl10b105ko8nnnc,CL10B105KO8NNNC,TPS566231 VCC capacitor / конденсатор VCC TPS566231,base_product,1,0.021,0.021,0.021,0.007,99.898,quantity-100,1,0.021,10,0.21000000000000002,5,,not matched,,2.1,
murata_gjm1555c1h8r0db01d,Murata GJM1555C1H8R0DB01D,cc_315_shunt_c8p,base_product,1,0.0207,0.0207,0.0207,0.007,99.905,quantity-100,1,0.0207,10,0.207,5,0.414,in_stock,C2191663,2.07,
yageo_rc0402fr_0733rl,Yageo RC0402FR-0733RL,rp_vreg_avdd_filter_res,base_product,2,0.0103,0.0103,0.0206,0.007,99.912,quantity-100,2,0.0206,20,0.20600000000000002,10,,not_matched,,2.06,
yageo_rc0402fr_07110kl,Yageo RC0402FR-07110KL,"u214_supervisor_sense_top, unit_supervisor_sense_top",base_product,2,0.0097,0.0097,0.0194,0.006,99.918,quantity-100,2,0.0194,20,0.194,10,0.076,in_stock,C138065,1.94,
yageo_rc0402fr_0712kl,Yageo RC0402FR-0712KL,"ir_evidence_threshold_bottom, voice_fb_bottom",base_product,2,0.0097,0.0097,0.0194,0.006,99.924,quantity-100,2,0.0194,20,0.194,10,0.074,in_stock,C114760,1.94,
yageo_rc0402fr_071k82l,Yageo RC0402FR-071K82L,"ext_rilm, unit_rilm",base_product,2,0.0097,0.0097,0.0194,0.006,99.93,quantity-100,2,0.0194,20,0.194,10,0.048,in_stock,C185449,1.94,
yageo_rc0402fr_07220rl,Yageo RC0402FR-07220RL,"headset_microphone_bias_filter_res, microphone_bias_filter_res",base_product,2,0.0097,0.0097,0.0194,0.006,99.936,quantity-100,2,0.0194,20,0.194,10,0.08,in_stock,C112291,1.94,
yageo_rc0402fr_0730kl,Yageo RC0402FR-0730KL,"ext_buck_fb_bottom, main_efuse_pg_bottom",base_product,2,0.0097,0.0097,0.0194,0.006,99.943,quantity-100,2,0.0194,20,0.194,10,0.082,in_stock,C138008,1.94,
uniroyal_0402wgf1002tce,0402WGF1002TCE,"U219 enable, threshold and pull-up network / сеть enable, порога и pull-up U219",base_product,4,0.0031,0.0031,0.0124,0.004,99.947,quantity-100,4,0.0124,40,0.124,20,,not matched,,1.24,
samsung_cl05b104ko5nnnc,Samsung CL05B104KO5NNNC,H2-R2.0.3 exact Pack/Safety powered-off boundary,base_product,2,0.0055,0.0055,0.011,0.004,99.95,quantity-100,2,0.011,20,0.10999999999999999,10,,not matched,,1.0999999999999999,
yageo_rc0402fr_07196kl,Yageo RC0402FR-07196KL,aon_efuse_ovlo_top,base_product,1,0.0097,0.0097,0.0097,0.003,99.953,quantity-100,1,0.0097,10,0.097,5,0.026,in_stock,C477631,0.97,
yageo_rc0402fr_0730k1l,Yageo RC0402FR-0730K1L,charger_ts_bottom,base_product,1,0.0097,0.0097,0.0097,0.003,99.956,quantity-100,1,0.0097,10,0.097,5,0.064,in_stock,C138009,0.97,
yageo_rc0402fr_0733kl,Yageo RC0402FR-0733KL,voice_efuse_pg_bottom,base_product,1,0.0097,0.0097,0.0097,0.003,99.96,quantity-100,1,0.0097,10,0.097,5,0.08,in_stock,C138003,0.97,
yageo_rc0402fr_0745k3l,Yageo RC0402FR-0745K3L,main_efuse_pg_top,base_product,1,0.0097,0.0097,0.0097,0.003,99.963,quantity-100,1,0.0097,10,0.097,5,0.078,in_stock,C137977,0.97,
yageo_rc0402fr_074k7l,Yageo RC0402FR-074K7L,ir_carrier_pullup,base_product,1,0.0097,0.0097,0.0097,0.003,99.966,quantity-100,1,0.0097,10,0.097,5,,not_matched,,0.97,
yageo_rc0402fr_0756kl,Yageo RC0402FR-0756KL,cc_rbias_res,base_product,1,0.0097,0.0097,0.0097,0.003,99.969,quantity-100,1,0.0097,10,0.097,5,0.072,in_stock,C114756,0.97,
samsung_cl05b104kb5nnnc,CL05B104KB5NNNC,TPS566231 bootstrap capacitor / bootstrap-конденсатор TPS566231,base_product,1,0.0093,0.0093,0.0093,0.003,99.972,quantity-100,1,0.0093,10,0.093,5,,not matched,,0.9299999999999999,
fh_rs_06l2r70ft,FH RS-06L2R70FT,backlight_series_resistor,base_product,1,0.0084,0.0084,0.0084,0.003,99.975,quantity-100,1,0.0084,10,0.08399999999999999,5,0.041999999999999996,in_stock,C323265,0.84,
yageo_rc0402fr_0782rl,RC0402FR-0782RL,12-dB nominal LO pi-pad shunts,base_product,2,0.004,0.004,0.008,0.003,99.977,quantity-100,2,0.008,20,0.08,10,,not matched,,0.8,
uniroyal_0402wgf1001tce,0402WGF1001TCE,U219 NFC pickup input pair / входная пара pickup NFC U219,base_product,2,0.0039,0.0039,0.0078,0.003,99.98,quantity-100,2,0.0078,20,0.078,10,,not matched,,0.7799999999999999,
fh_rs_06k47r0ft,FH RS-06K47R0FT,stocked IR emitter current-limit resistor / складской токоограничивающий резистор IR,base_product,1,0.0062,0.0062,0.0062,0.002,99.982,quantity-100,1,0.0062,10,0.062,5,0.031,in stock,C140014,0.62,
uniroyal_0402wgf5231tce,UNI-ROYAL 0402WGF5231TCE,charger_ts_top,base_product,1,0.0061,0.0061,0.0061,0.002,99.984,quantity-100,1,0.0061,10,0.061000000000000006,5,0.0305,in stock,C25907,0.61,
yageo_cc0402brnpo9bn2r8,CC0402BRNPO9BN2R8,H3-R2 verified Airband centre series capacitor,base_product,1,0.0058,0.0058,0.0058,0.002,99.985,quantity-100,1,0.0058,10,0.057999999999999996,5,,not matched,,0.58,
uniroyal_0402wgf2703tce,UNI-ROYAL 0402WGF2703TCE,voice_efuse_ovlo_top,base_product,1,0.0057,0.0057,0.0057,0.002,99.987,quantity-100,1,0.0057,10,0.057,5,0.0285,in stock,C25770,0.5700000000000001,
uniroyal_0402wgf1003tce,0402WGF1003TCE,U219 NFC envelope and threshold network / сеть envelope и порога NFC U219,base_product,2,0.0028,0.0028,0.0056,0.002,99.989,quantity-100,2,0.0056,20,0.056,10,,not matched,,0.5599999999999999,
yageo_rc0402fr_0744k2l,Yageo RC0402FR-0744K2L,charger_ilim_top,base_product,1,0.0052,0.0052,0.0052,0.002,99.991,quantity-100,1,0.0052,10,0.052,5,0.082,in_stock,C354260,0.52,
murata_grm1555c1h220ja01d,Murata GRM1555C1H220JA01D,"receiver_clock_cap_gpo3, receiver_clock_cap_rclk",base_product,2,0.0025,0.0025,0.005,0.002,99.992,quantity-100,2,0.005,20,0.05,10,0.44,in_stock,C76960,0.5,
yageo_rc0402fr_0742k2l,Yageo RC0402FR-0742K2L,aon_mode_res,base_product,1,0.0049,0.0049,0.0049,0.002,99.994,quantity-100,1,0.0049,10,0.049,5,0.078,in_stock,C276270,0.49,
uniroyal_0402wgf8201tce,UNI-ROYAL 0402WGF8201TCE,charger_prog_res,base_product,1,0.0048,0.0048,0.0048,0.002,99.996,quantity-100,1,0.0048,10,0.047999999999999994,5,0.024,in stock,C25924,0.48,
ralec_rtt023r00fth,RTT023R00FTH,official DC1027A ten-milliamp mixer bias value,base_product,1,0.0034,0.0034,0.0034,0.001,99.997,quantity-100,1,0.0034,10,0.033999999999999996,5,,not matched,,0.33999999999999997,
uniroyal_0402wgf1004tce,0402WGF1004TCE,U219 NFC comparator hysteresis / гистерезис компаратора NFC U219,base_product,1,0.0026,0.0026,0.0026,0.001,99.997,quantity-100,1,0.0026,10,0.026,5,,not matched,,0.26,
uniroyal_0402wgf1603tce,UNI-ROYAL 0402WGF1603TCE,stocked codec TX attenuator resistor / складской резистор аттенюатора TX кодека,base_product,1,0.0026,0.0026,0.0026,0.001,99.998,quantity-100,1,0.0026,10,0.026,5,0.013,in stock,C25757,0.26,
uniroyal_0402wgf1333tce,UNI-ROYAL 0402WGF1333TCE,backlight_efuse_ilim,base_product,1,0.0015,0.0015,0.0015,0.0,99.999,quantity-100,1,0.0015,10,0.015,5,0.0075,in stock,C25753,0.15,
yageo_rc0402fr_0793r1l,RC0402FR-0793R1L,12-dB nominal LO pi-pad series arm,base_product,1,0.0013,0.0013,0.0013,0.0,99.999,quantity-100,1,0.0013,10,0.013,5,,not matched,,0.13,
yageo_rc0402fr_07240kl,Yageo RC0402FR-07240KL,aon_efuse_rilim,base_product,1,0.0009,0.0009,0.0009,0.0,99.999,quantity-100,1,0.0009,10,0.009,5,0.054,in_stock,C138029,0.09,
yageo_rc0402fr_07620kl,Yageo RC0402FR-07620KL,pack_diag_lockout_res,base_product,1,0.0009,0.0009,0.0009,0.0,100.0,quantity-100,1,0.0009,10,0.009,5,0.08,in_stock,C137952,0.09,
uniroyal_0402wgf1651tce,UNI-ROYAL 0402WGF1651TCE,main_efuse_rilm,base_product,1,0.0008,0.0008,0.0008,0.0,100.0,quantity-100,1,0.0008,10,0.008,5,0.004,in stock,C25869,0.08,
m5_u214,M5Stack U214 Cap LoRa-1262,u214,optional_external_accessory,1,,,,,,quantity-100,1,,10,,5,,not_matched,,,retail_only_no_quantity_100_tier
murata_gjm1555c1h101jb01d,Murata GJM1555C1H101JB01D,"cc_rf_n_dc_block, cc_rf_p_dc_block",base_product,2,,,,,,quantity-100,2,,20,,10,,not_matched,,,quantity_100_rfq_required
nexperia_pesd24vy1bsf,Nexperia PESD24VY1BSF,"voice_rf_esd, voice_v_rf_esd",base_product,2,,,,,,quantity-100,2,,20,,10,,not_matched,,,quantity_100_rfq_required
panasonic_erj_p08f49r9v,Panasonic ERJ-P08F49R9V,"pack_batts_rbal, pack_cell1_rbal",base_product,2,,,,,,quantity-100,2,,20,,10,8.968,pre_order,C4308208,,quantity_100_rfq_required
sunlord_mwsa0503s_3r3mt,Sunlord MWSA0503S-3R3MT,"main_inductor, voice_inductor",base_product,1,,,,,,quantity-100,1,,10,,5,9.0024,pre_order,C408409,,quantity_100_rfq_required
ti_tpul2g223_bqbr,Texas Instruments TPUL2G223BQBR,pack_diag_timer,base_product,1,,,,,,quantity-100,1,,10,,5,,not_matched,,,quantity_100_rfq_required
xtar_18650_4000mah_protected,XTAR 18650 4000mAh,"pack_cell0, pack_cell1",regional_replaceable_cell_kit,2,,,,,,quantity-100,2,,20,,10,,not_matched,,,regional_retail_only_no_quantity_100_tier
