"scope","device_id","mpn","quantity","lifecycle","qualification","orderable_evidence","cost_evidence","cost_currency","cost_target_quantity","unit_price_usd","line_material_usd","cost_price_break","cost_source","cost_checked","cost_gate_status","cost_gate_reason","cost_gate_source","cost_gate_checked","alternate_evidence","alternate_policy_class","placements"
"base_product","abracon_abm8_26mhz_10_d_1_g_t","Abracon ABM8-26.000MHZ-10-D-1-G-T","1","active_orderable","verified_exact_cc_reference_crystal","present","present","USD","100","0.3257","0.3257","DigiKey cut-tape quantity-100 tier","https://www.digikey.com/en/products/detail/abracon-llc/ABM8-26-000MHZ-10-D-1-G-T/9997912","2026-08-19","","","","","present","SUB-RF","cc_crystal"
"base_product","abracon_abm8_272_t3","Abracon ABM8-272-T3","1","active_orderable","verified_exact_rp2350_reference_crystal","present","present","USD","100","0.4085","0.4085","DigiKey cut-tape quantity-100 tier","https://www.digikey.com/en/products/detail/abracon-llc/ABM8-272-T3/22472366","2026-08-23","","","","","present","SUB-RF","rp_clock"
"base_product","abracon_aota_b201610s3r3_101_t","Abracon AOTA-B201610S3R3-101-T","1","active_orderable","verified_exact_rp2350_reference_regulator_inductor","present","present","USD","100","0.1512","0.1512","DigiKey cut-tape quantity-100 tier","https://www.digikey.com/en/products/detail/abracon-llc/AOTA-B201610S3R3-101-T/25621527","2026-08-23","","","","","present","SUB-PWR-PASSIVE","rp_vreg_inductor"
"base_product","adi_ad8314acpz_rl7","Analog Devices AD8314ACPZ-RL7","6","production_active_orderable","verified_exact_wideband_rf_power_detector","present","present","USD","100","2.857","17.142","DigiKey cut-tape quantity-100 tier","https://www.digikey.com/en/products/detail/analog-devices-inc/AD8314ACPZ-RL7/671084","2026-08-19","","","","","present","SUB-COMPUTE-RF","det_cc;det_nrf0;det_nrf1;det_nrf2;det_voice;det_voice_v"
"base_product","adi_ltc5532_es6_trmpbf","LTC5532ES6#TRMPBF","2","production","verified_candidate","present","present","USD","100","3.8877","7.7754","DigiKey cut-tape quantity-100 tier","https://www.digikey.com/en/products/detail/analog-devices-inc/LTC5532ES6-TRMPBF/1115993","2026-08-19","","","","","present","SUB-COMPUTE-RF","det_c5;det_s3"
"base_product","adi_max17320_g20_t","Analog Devices MAX17320G20+T","1","recommended_for_new_designs","verified_candidate","present","present","USD","100","4.0019","4.0019","DigiKey cut-tape quantity-100 tier","https://www.digikey.com/en/products/detail/analog-devices-inc-maxim-integrated/MAX17320G20-T/16675120","2026-08-19","","","","","present","SUB-PWR-SAFETY","pack_gauge"
"base_product","alps_ec11e18244au","Alps Alpine EC11E18244AU","1","active_standard","verified_first_target_mechanical_fit_hil_open","present","present","USD","100","3.288","3.288","DigiKey tray quantity-100 tier","https://www.digikey.com/en/products/detail/alps-alpine/EC11E18244AU/19529126","2026-08-19","","","","","present","SUB-MECH-OPTICAL","encoder"
"base_product","alps_skrtlae010","Alps Alpine SKRTLAE010","6","standard_active_orderable","verified_exact_external_service_boot_reset_switch","present","present","USD","100","0.2433","1.4598","DigiKey cut-tape quantity-100 tier","https://www.digikey.com/en/products/detail/alps-alpine/SKRTLAE010/19529044","2026-08-23","","","","","present","SUB-MECH-OPTICAL","c5_boot_button;c5_reset_button;rp_boot_button;rp_reset_button;s3_boot_button;s3_reset_button"
"base_product","bourns_crm2512_fx_20r0elf","Bourns CRM2512-FX-20R0ELF","2","active","verified_candidate","present","present","USD","100","0.184","0.368","DigiKey cut-tape quantity-100 tier","https://www.digikey.com/en/products/detail/bourns-inc/CRM2512-FX-20R0ELF/4698376","2026-08-19","","","","","present","SUB-CTRL-PASSIVE","pack_diag_res0;pack_diag_res1"
"base_product","cc1101rgpr","CC1101RGPR","1","active","verified_candidate","present","present","USD","100","3.0358","3.0358","DigiKey cut-tape quantity-100 tier","https://www.digikey.com/en/products/detail/texas-instruments/CC1101RGPR/3947323","2026-08-19","","","","","present","SUB-COMPUTE-RF","cc"
"base_product","ck_js102011scqn","C&K JS102011SCQN","1","active_orderable","verified_exact_low_current_power_command_switch_mechanical_hil_open","present","present","USD","100","0.7823","0.7823","DigiKey cut-tape quantity-100 tier","https://www.digikey.com/en/products/detail/c-k/JS102011SCQN/7355835","2026-08-19","","","","","present","SUB-MECH-OPTICAL","power_command_switch"
"base_product","davies_1227_j","Davies Molding 1227-J","1","active","verified_exact_shaft_and_plan_fit_hil_open","present","present","USD","100","0.972","0.972","Mouser quantity-100 tier","https://www.mouser.com/en/ProductDetail/Davies-Molding/1227-J?qs=AaRlLUpeMszUlt7gcGM9fQ%3D%3D","2026-08-19","","","","","present","SUB-MECH-OPTICAL","encoder_knob"
"base_product","diodes_2n7002dw_7_f","Diodes Incorporated 2N7002DW-7-F","4","active","verified_candidate","present","present","USD","100","0.1277","0.5108","DigiKey cut-tape quantity-100 tier","https://www.digikey.com/en/products/detail/diodes-incorporated/2N7002DW-7-F/749948","2026-08-19","","","","","present","SUB-DISCRETE-PROT","pack_hold;pack_status_buffer;safe_reset_sink_a;safe_reset_sink_b"
"base_product","diodes_bat54_7_f","Diodes Incorporated BAT54-7-F","5","active","verified_candidate","present","present","USD","100","0.0698","0.349","DigiKey cut-tape quantity-100 tier","https://www.digikey.com/en/products/detail/diodes-incorporated/BAT54-7-F/717699","2026-08-19","","","","","present","SUB-DISCRETE-PROT","cc_evidence_hold_diode;nrf_evidence_hold_diode;pack_system_diode;voice_evidence_hold_diode;voice_v_evidence_hold_diode"
"base_product","diodes_dmn2056u_7","Diodes Incorporated DMN2056U-7","3","active","verified_candidate","present","present","USD","100","0.149","0.447","DigiKey cut-tape quantity-100 tier","https://www.digikey.com/en/products/detail/diodes-incorporated/DMN2056U-7/7352909","2026-08-19","","","","","present","SUB-DISCRETE-PROT","backlight_mosfet;ir_tx_mosfet;pack_diag_switch"
"base_product","diodes_mmbt3904_7_f","Diodes Incorporated MMBT3904-7-F","2","active","verified_candidate","present","present","USD","100","0.0597","0.1194","DigiKey cut-tape quantity-100 tier","https://www.digikey.com/en/products/detail/diodes-incorporated/MMBT3904-7-F/815727","2026-08-19","","","","","present","SUB-DISCRETE-PROT","ext_pg_qualifier;voice_pg_qualifier"
"base_product","diodes_pam8302a_aycr","Diodes Incorporated PAM8302AAYCR","1","active","verified_candidate","present","present","USD","100","0.351","0.351","Mouser cut-tape quantity-100 tier","https://www.mouser.com/en/ProductDetail/Diodes-Incorporated/PAM8302AAYCR?qs=pYVYkI7xuRX9VhIMiIHWEw%3D%3D","2026-08-23","","","","","present","SUB-LOGIC-ANALOG","speaker_amp"
"base_product","ebyte_e01_ml01ipx","Ebyte E01-ML01IPX","3","nrf24_family_not_recommended_for_new_designs","verified_reference","present","missing","","","","","","","","quantity_100_rfq_required","The manufacturer exposes a 100-999-piece tier but withholds its numeric price behind Send Inquiry, so no comparable published quantity-100 USD value is available","https://www.cdebyte.com/products/E01-ML01IPX","2026-08-22","present","SUB-COMPUTE-RF","nrf0;nrf1;nrf2"
"base_product","epson_q13fc13500005","Seiko Epson Q13FC13500005","1","active_orderable","verified_candidate","present","present","USD","100","0.2154","0.2154","LCSC quantity-50 tier applicable to a 100-piece purchase","https://www.lcsc.com/product-detail/crystals_seiko-epson-q13fc13500005_C841881.html","2026-08-19","","","","","present","SUB-RF","receiver_clock"
"base_product","esp32_c5_wroom_1u_n8r8","ESP32-C5-WROOM-1U-N8R8","1","active_candidate_revision_floor_v1_2","verified_candidate","present","present","USD","100","4.1338","4.1338","JLCPCB C54951858 quantity-100 tier","https://jlcpcb.com/partdetail/C54951858","2026-08-28","","","","","present","SUB-COMPUTE-RF","c5"
"base_product","esp32_s3_wroom_1u_n16r8","ESP32-S3-WROOM-1U-N16R8","1","active_orderable","verified_exact_16mb_flash_8mb_octal_psram_external_antenna","present","present","USD","100","5.108","5.108","DigiKey cut-tape quantity-100 tier","https://www.digikey.com/en/products/detail/espressif-systems/ESP32-S3-WROOM-1U-N16R8/16162641","2026-08-20","","","","","present","SUB-COMPUTE-RF","s3"
"base_product","everest_es8311_qfn20","Everest Semiconductor ES8311","1","current manufacturer product brief revision 17.0 dated 2026-02; production sourcing and lot qualification remain open","verified_candidate","present","present","USD","100","0.3024","0.3024","JLCPCB assembly-parts quantity-100 tier; captive PCBA inventory","https://jlcpcb.com/partdetail/1044199-ES8311/C962342","2026-08-19","","","","","present","SUB-LOGIC-ANALOG","codec"
"base_product","fh_rs_06k47r0ft","FH RS-06K47R0FT","1","active_factory_stocked_standard_pcba","verified_exact_jlcpcb_stocked_ir_emitter_current_limit_resistor","present","present","USD","100","0.0062","0.0062","conservative JLCPCB one-piece tier","https://jlcpcb.com/partdetail/151340-RS06K47R0FT/C140014","2026-08-28","","","","","present","SUB-CTRL-PASSIVE","ir_emitter_limit"
"base_product","gct_rfpc_sma31_fn_175_a","GCT RFPC-SMA31-FN-175-A","8","active","verified_exact_external_standard_sma_body","present","present","USD","100","2.46456","19.7165","DigiKey tray 90-179 quantity tier applied at target quantity 100","https://www.digikey.com/en/products/detail/gct/RFPC-SMA31-FN-175-A/25576371","2026-08-19","","","","","present","SUB-MECH-OPTICAL","cc_external_sma;nrf0_external_sma;nrf1_external_sma;nrf2_external_sma;receiver_amlw_external_sma;receiver_fmsw_external_sma;voice_external_sma;voice_v_external_sma"
"base_product","gct_rfpc_sma32_fn_175_a","GCT RFPC-SMA32-FN-175-A","2","active","verified_exact_external_reverse_polarity_sma_body","present","present","USD","100","2.46456","4.9291","DigiKey tray 90-179 quantity tier applied at target quantity 100","https://www.digikey.com/en/products/detail/gct/RFPC-SMA32-FN-175-A/25576372","2026-08-19","","","","","present","SUB-MECH-OPTICAL","c5_external_rp_sma;s3_external_rp_sma"
"base_product","gct_usb4105_gf_a","GCT USB4105-GF-A","2","active_orderable","verified_exact_service_usb_receptacle","present","present","USD","100","0.5745","1.149","DigiKey cut-tape quantity-100 tier","https://www.digikey.com/en/products/detail/gct/USB4105-GF-A/11198510","2026-08-19","","","","","present","SUB-MECH-OPTICAL","c5_service_usb_connector;rp_service_usb_connector"
"base_product","hirose_df40c_2_0_40ds_0_4v_51","Hirose DF40C(2.0)-40DS-0.4V(51)","1","active_factory_stocked_standard_pcba","verified_exact_jlcpcb_stocked_display_adapter_main_board_receptacle","present","present","USD","100","0.3428","0.3428","JLCPCB quantity-100 tier","https://jlcpcb.com/partdetail/x/C597934","2026-08-28","","","","","present","SUB-MECH-OPTICAL","display_connector"
"base_product","hirose_df40c_40dp_0_4v_51","Hirose DF40C-40DP-0.4V(51)","1","active and authorized-distributor-stocked","verified_exact_display_adapter_daughter_board_plug","present","present","USD","100","0.726","0.726","Mouser cut-tape quantity-100 tier","https://www.mouser.com/ProductDetail/Hirose-Connector/DF40C-40DP-0.4V51?qs=eDUdFcBPps3ody6AX5VRNA%3D%3D","2026-08-23","","","","","present","SUB-MECH-OPTICAL","display_adapter_plug"
"base_product","hirose_dm3at_sf_pejm5","Hirose DM3AT-SF-PEJM5","1","active","verified_candidate","present","present","USD","100","2.5656","2.5656","DigiKey cut-tape quantity-100 tier","https://www.digikey.com/en/products/detail/hirose-electric-co-ltd/DM3AT-SF-PEJM5/2533565","2026-08-19","","","","","present","SUB-MECH-OPTICAL","sd"
"base_product","hirose_fh34srj_40s_0_5sh_99","Hirose FH34SRJ-40S-0.5SH(99)","1","active and authorized-distributor-stocked; exact HMX035CTFT-001 tail thickness and insertion fit remain H5","verified_dual_contact_adapter_panel_connector_received_tail_thickness_h5_open","present","present","USD","100","2.46","2.46","Mouser cut-tape quantity-100 tier","https://www.mouser.com/ProductDetail/Hirose-Connector/FH34SRJ-40S-0.5SH99?qs=vcbW%252B4%252BSTIq%252BjF2my2YV5Q%3D%3D","2026-08-23","","","","","present","SUB-MECH-OPTICAL","display_panel_connector"
"base_product","hirose_fx8c_80p_sv1_92","Hirose FX8C-80P-SV1(92)","1","active","verified_exact_m1_11mm_plug","present","present","USD","100","3.1759","3.1759","DigiKey cut-tape quantity-100 tier","https://www.digikey.com/en/products/detail/hirose-electric-co-ltd/FX8C-80P-SV1-92/4284726","2026-08-19","","","","","present","SUB-MECH-OPTICAL","m1_ui_plug"
"base_product","hirose_fx8c_80s_sv5_92","Hirose FX8C-80S-SV5(92)","1","active","verified_exact_m1_11mm_receptacle","present","present","USD","100","3.9133","3.9133","DigiKey cut-tape quantity-100 tier","https://www.digikey.com/en/products/detail/hirose-electric-co-ltd/FX8C-80S-SV5-92/4284737","2026-08-19","","","","","present","SUB-MECH-OPTICAL","m1_rf_receptacle"
"base_product","hirose_ufl_r_smt_1_10","Hirose U.FL-R-SMT-1(10)","5","active_orderable","verified_exact_native_rf_board_mate","present","present","USD","100","1.0655","5.3275","DigiKey cut-tape quantity-100 tier","https://www.digikey.com/en/products/detail/hirose-electric-co-ltd/U-FL-R-SMT-1-10/2391570","2026-08-19","","","","","present","SUB-MECH-OPTICAL","c5_rf_board_connector;nrf0_rf_board_connector;nrf1_rf_board_connector;nrf2_rf_board_connector;s3_rf_board_connector"
"base_product","infineon_bgs13sn8e6327xtsa1","Infineon BGS13SN8E6327XTSA1","2","active_orderable","verified_exact_cc_dual_ended_band_switch","present","present","USD","100","0.2126","0.4252","DigiKey cut-tape quantity-100 tier","https://www.digikey.com/en/products/detail/infineon-technologies/BGS13SN8E6327XTSA1/6559893","2026-08-19","","","","","present","SUB-COMPUTE-RF","cc_switch_a;cc_switch_b"
"base_product","jae_dx07s016ja1r1500","JAE DX07S016JA1R1500","1","active","verified_candidate","present","present","USD","100","1.2272","1.2272","DigiKey cut-tape quantity-100 tier","https://www.digikey.com/en/products/detail/jae-electronics/DX07S016JA1R1500/11585731","2026-08-19","","","","","present","SUB-MECH-OPTICAL","product_usb_connector"
"base_product","kemet_c0402c102k5ractu","KEMET C0402C102K5RACTU","2","active","verified_candidate","present","present","USD","100","0.015","0.03","DigiKey cut-tape quantity-100 tier","https://www.digikey.com/en/products/detail/kemet/C0402C102K5RACTU/411034","2026-08-19","","","","","present","SUB-CTRL-PASSIVE","charger_sdrv_cap;ir_evidence_feedback_cap"
"base_product","kemet_c0402c330j5gactu","KEMET C0402C330J5GACTU","5","active","verified_candidate","present","present","USD","100","0.0213","0.1065","DigiKey cut-tape quantity-100 tier","https://www.digikey.com/en/products/detail/kemet/C0402C330J5GACTU/411019","2026-08-19","","","","","present","SUB-CTRL-PASSIVE","c5_detector_output_cap;ext_buck_ff_cap;main_ff_cap;s3_detector_output_cap;voice_ff_cap"
"base_product","keystone_1048p","Keystone Electronics 1048P","1","active","verified_mechanical_reference","present","present","USD","100","8.57","8.57","Mouser tray quantity-100 tier","https://www.mouser.com/ProductDetail/Keystone-Electronics/1048P?qs=9%252Bwcgl%2FJqd1h8Vx3IFpTxA%3D%3D","2026-08-19","","","","","present","SUB-MECH-OPTICAL","pack_holder"
"base_product","kyocera_avx_cp0603q5425entr","KYOCERA AVX CP0603Q5425ENTR","2","active_orderable","verified_exact_native_rf_forward_coupler","present","present","USD","100","0.4271","0.8542","DigiKey cut-tape quantity-100 tier","https://www.digikey.com/en/products/detail/kyocera-avx/CP0603Q5425ENTR/4805840","2026-08-19","","","","","present","SUB-RF","c5_rf_coupler;s3_rf_coupler"
"base_product","liteon_ltst_c190kfkt","LTST-C190KFKT","1","active","verified_candidate","present","present","USD","100","0.0637","0.0637","DigiKey cut-tape quantity-100 tier","https://www.digikey.com/en/products/detail/liteon/LTST-C190KFKT/386813","2026-08-19","","","","","present","SUB-DISCRETE-PROT","fault_led"
"base_product","liteon_ltst_c190krkt","LTST-C190KRKT","9","active","verified_candidate","present","present","USD","100","0.0675","0.6075","DigiKey cut-tape quantity-100 tier","https://www.digikey.com/en/products/detail/liteon/LTST-C190KRKT/386817","2026-08-19","","","","","present","SUB-DISCRETE-PROT","c5_tx_led;cc_tx_led;ext_tx_led;ir_tx_led;nrf0_tx_led;nrf1_tx_led;nrf2_tx_led;s3_tx_led;voice_tx_led"
"base_product","littelfuse_0451005_mrl","Littelfuse 0451005.MRL","2","active","verified_candidate","present","present","USD","100","1.4488","2.8976","DigiKey cut-tape quantity-100 tier","https://www.digikey.com/en/products/detail/littelfuse-inc/0451005-MRL/700828","2026-08-19","","","","","present","SUB-CTRL-PASSIVE","pack_fuse0;pack_fuse1"
"base_product","littelfuse_sesd0402x1un_0020_090","Littelfuse SESD0402X1UN-0020-090","3","active_orderable","verified_exact_cc_external_rf_esd","present","present","USD","100","0.3794","1.1382","DigiKey cut-tape quantity-100 tier","https://www.digikey.com/en/products/detail/littelfuse-inc/SESD0402X1UN-0020-090/5233545","2026-08-19","","","","","present","SUB-RF","cc_rf_esd;receiver_ami_esd;receiver_fmi_esd"
"optional_external_accessory","m5_u214","M5Stack U214 Cap LoRa-1262","1","active","verified_candidate","present","missing","","","","","","","","retail_only_no_quantity_100_tier","The exact U214 is sold as a retail package at USD 14.50 with no published quantity-100 tier; a comparable production quantity quote is required instead of multiplying the retail price","https://www.digikey.com/en/products/detail/m5stack-technology-co-ltd/U214/29291633","2026-08-22","present","SUB-COMPUTE-RF","u214"
"base_product","murata_blm18pg181sn1d","Murata BLM18PG181SN1D","4","active_orderable","verified_candidate","present","present","USD","100","0.0431","0.1724","DigiKey cut-tape quantity-100 tier","https://www.digikey.com/en/products/detail/murata-electronics/BLM18PG181SN1D/1634634","2026-08-19","","","","","present","SUB-PWR-PASSIVE","codec_avdd_bead;codec_dvdd_bead;speaker_output_bead_n;speaker_output_bead_p"
"base_product","murata_gjm1555c1h100jb01d","Murata GJM1555C1H100JB01D","1","active_orderable","verified_exact_cc_matching_passive","present","present","USD","100","0.0417","0.0417","DigiKey cut-tape quantity-100 tier","https://www.digikey.com/en/products/detail/murata-electronics/GJM1555C1H100JB01D/702306","2026-08-19","","","","","present","SUB-RF","cc_433_shunt_c10p"
"base_product","murata_gjm1555c1h101jb01d","Murata GJM1555C1H101JB01D","2","active_orderable","verified_exact_cc_rf_dc_block_passive","present","missing","","","","","","","","quantity_100_rfq_required","Current exact-MPN sourcing exposes request-for-quote inventory but no published comparable quantity-100 USD tier; an RF-qualified replacement cannot be promoted only to obtain a price","https://www.1sourcecomponents.com/availability/MURATA--GJM1555C1H101JB01D.htm","2026-08-19","present","SUB-RF","cc_rf_n_dc_block;cc_rf_p_dc_block"
"base_product","murata_gjm1555c1h150jb01d","Murata GJM1555C1H150JB01D","4","active_orderable","verified_exact_cc_crystal_load_passive","present","present","USD","100","0.0392","0.1568","DigiKey cut-tape quantity-100 tier","https://www.digikey.com/en/products/detail/murata-electronics/GJM1555C1H150JB01D/702310","2026-08-19","","","","","present","SUB-RF","cc_crystal_load_q1;cc_crystal_load_q2;rp_clock_load_xin;rp_clock_load_xout"
"base_product","murata_gjm1555c1h1r2bb01d","Murata GJM1555C1H1R2BB01D","1","active_orderable","verified_exact_cc_matching_passive","present","present","USD","100","0.031","0.031","DigiKey cut-tape quantity-100 tier","https://www.digikey.com/en/products/detail/murata-electronics/GJM1555C1H1R2BB01D/2592874","2026-08-19","","","","","present","SUB-RF","cc_match_c1p2"
"base_product","murata_gjm1555c1h6r2db01d","Murata GJM1555C1H6R2DB01D","1","active_orderable","verified_exact_cc_matching_passive","present","present","USD","100","0.021","0.021","Mouser cut-tape quantity-100 tier","https://www.mouser.com/c/passive-components/capacitors/ceramic-capacitors/mlccs-multilayer-ceramic-capacitors/multilayer-ceramic-capacitors-mlcc-smd-smt/?capacitance=6.2+pF&case+code+-+in=0402","2026-08-19","","","","","present","SUB-RF","cc_433_shunt_c6p2"
"base_product","murata_gjm1555c1h8r0db01d","Murata GJM1555C1H8R0DB01D","1","active_orderable","verified_exact_cc_matching_passive","present","present","USD","100","0.0207","0.0207","DigiKey cut-tape quantity-100 tier","https://www.digikey.com/en/products/detail/murata-electronics/GJM1555C1H8R0DB01D/2593153","2026-08-19","","","","","present","SUB-RF","cc_315_shunt_c8p"
"base_product","murata_gjm1555c1hr47bb01d","Murata GJM1555C1HR47BB01D","1","active_orderable","verified_exact_cc_detector_tap_passive","present","present","USD","100","0.0346","0.0346","DigiKey cut-tape quantity-100 tier","https://www.digikey.com/en/products/detail/murata-electronics/GJM1555C1HR47BB01D/7362927","2026-08-19","","","","","present","SUB-RF","cc_detector_tap_cap"
"base_product","murata_gjm1555c1hr60bb01d","Murata GJM1555C1HR60BB01D","1","active_orderable","verified_exact_cc_matching_passive","present","present","USD","100","0.031","0.031","DigiKey cut-tape quantity-100 tier","https://www.digikey.com/en/products/detail/murata-electronics/GJM1555C1HR60BB01D/2593254","2026-08-19","","","","","present","SUB-RF","cc_rf_diff_cap"
"base_product","murata_grm1555c1h102ja01d","Murata GRM1555C1H102JA01D","1","active_orderable","verified_exact_si4732_fmi_first_target","present","present","USD","100","0.0181","0.0181","DigiKey cut-tape quantity-100 tier","https://www.digikey.com/en/products/detail/murata-electronics/GRM1555C1H102JA01D/702509","2026-08-19","","","","","present","SUB-RF","receiver_fmi_coupling_cap"
"base_product","murata_grm1555c1h121ja01d","Murata GRM1555C1H121JA01D","8","active","verified_candidate","present","present","USD","100","0.0197","0.1576","DigiKey cut-tape quantity-100 tier","https://www.digikey.com/en/products/detail/murata-electronics/GRM1555C1H121JA01D/587178","2026-08-19","","","","","present","SUB-CTRL-PASSIVE","cc_detector_filter;main_efuse_itimer_cap;nrf0_detector_filter;nrf1_detector_filter;nrf2_detector_filter;voice_detector_filter;voice_efuse_itimer_cap;voice_v_detector_filter"
"base_product","murata_grm1555c1h220ja01d","Murata GRM1555C1H220JA01D","2","active_orderable","verified_candidate","present","present","USD","100","0.0025","0.005","LCSC quantity-100 tier","https://www.lcsc.com/product-detail/C76960.html","2026-08-19","","","","","present","SUB-RF","receiver_clock_cap_gpo3;receiver_clock_cap_rclk"
"base_product","murata_grm1555c1h221ja01d","Murata GRM1555C1H221JA01D","4","active","verified_candidate","present","present","USD","100","0.0177","0.0708","DigiKey cut-tape quantity-100 tier","https://www.digikey.com/en/products/detail/murata-electronics/GRM1555C1H221JA01D/587204","2026-08-19","","","","","present","SUB-CTRL-PASSIVE","pd_cc1_cap;pd_cc2_cap;speaker_output_cap_n;speaker_output_cap_p"
"base_product","murata_grm1555c1h390ja01d","Murata GRM1555C1H390JA01D","2","active_orderable","verified_exact_ltc5532_rf_input_coupling_capacitor","present","present","USD","100","0.014","0.028","Mouser cut-tape quantity-100 tier","https://www.mouser.com/ProductDetail/Murata-Electronics/GRM1555C1H390JA01D?qs=4k9rjS6ZRl5FP2mUYTju2g%3D%3D","2026-08-19","","","","","present","SUB-RF","c5_detector_input_cap;s3_detector_input_cap"
"base_product","murata_grm155r71a474ke01d","Murata GRM155R71A474KE01D","1","active_orderable","verified_exact_si4732_ami_first_target","present","present","USD","100","0.1771","0.1771","DigiKey cut-tape quantity-100 tier","https://www.digikey.com/en/products/detail/murata-electronics/GRM155R71A474KE01D/6605995","2026-08-19","","","","","present","SUB-CTRL-PASSIVE","receiver_ami_coupling_cap"
"base_product","murata_grm155r71e473ka88d","Murata GRM155R71E473KA88D","2","active","verified_candidate","present","present","USD","100","0.0126","0.0252","DigiKey cut-tape quantity-100 tier","https://www.digikey.com/en/products/detail/murata-electronics/GRM155R71E473KA88D/702519","2026-08-19","","","","","present","SUB-CTRL-PASSIVE","charger_btst1_cap;charger_btst2_cap"
"base_product","murata_grm155r71h103ka88d","Murata GRM155R71H103KA88D","8","active","verified_candidate","present","present","USD","100","0.0121","0.0968","DigiKey cut-tape quantity-100 tier","https://www.digikey.com/en/products/detail/murata-electronics/GRM155R71H103KA88D/1033252","2026-08-19","","","","","present","SUB-CTRL-PASSIVE","codec_tx_filter;pack_admission_reset_cap;pack_mid_adc_filter;pack_stack_adc_filter;safety_controller_reset_cap;u214_supervisor_ct;unit_supervisor_ct;voice_supervisor_ct"
"base_product","murata_grm155r71h472ka01d","Murata GRM155R71H472KA01D","4","active","verified_candidate","present","present","USD","100","0.0098","0.0392","DigiKey cut-tape quantity-100 tier","https://www.digikey.com/en/products/detail/murata-electronics/GRM155R71H472KA01D/587946","2026-08-19","","","","","present","SUB-CTRL-PASSIVE","ext_dvdt_cap;main_efuse_dvdt_cap;unit_dvdt_cap;voice_efuse_dvdt_cap"
"base_product","murata_grm188r60j106me47d","Murata GRM188R60J106ME47D","19","active","verified_candidate","present","present","USD","100","0.0377","0.7163","DigiKey cut-tape quantity-100 tier","https://www.digikey.com/en/products/detail/murata-electronics/GRM188R60J106ME47D/965910","2026-08-19","","","","","present","SUB-PWR-PASSIVE","aon_efuse_output_cap;backlight_efuse_output_bulk;codec_power_output_cap;display_logic_bulk_cap;headset_microphone_bias_filter_cap;ir_power_output_cap;main_efuse_output_cap;microphone_bias_filter_cap;nrf0_module_bulk_cap;nrf1_module_bulk_cap;nrf2_module_bulk_cap;pack_admission_bulk_cap;pd_ldo1v5_cap;pd_ldo3v3_cap;pd_vin_cap;receiver_power_output_cap;safety_controller_bulk;speaker_amp_bulk_cap;voice_efuse_output_cap"
"base_product","murata_grm188r71e224ka88d","Murata GRM188R71E224KA88D","2","active","verified_candidate","present","present","USD","100","0.0306","0.0612","DigiKey cut-tape quantity-100 tier","https://www.digikey.com/en/products/detail/murata-electronics/GRM188R71E224KA88D/702554","2026-08-19","","","","","present","SUB-CTRL-PASSIVE","ext_itimer_cap;unit_itimer_cap"
"base_product","murata_grm188r71e474ka12d","Murata GRM188R71E474KA12D","4","active_stocked_orderable","verified_exact_max17320_bypass_capacitor","present","present","USD","100","0.0496","0.1984","DigiKey cut-tape quantity-100 tier","https://www.digikey.com/en/products/detail/murata-electronics/GRM188R71E474KA12D/702555","2026-08-19","","","","","present","SUB-PWR-PASSIVE","pack_aoldo_cap;pack_cp_cap;pack_reg2_cap;pack_reg3_cap"
"base_product","murata_grm188z71a475me15d","Murata GRM188Z71A475ME15D","2","active_stocked_orderable","verified_exact_ir_receiver_filter_capacitor","present","present","USD","100","0.0899","0.1798","DigiKey cut-tape quantity-100 tier","https://www.digikey.com/en/products/detail/murata-electronics/GRM188Z71A475ME15D/13904814","2026-08-19","","","","","present","SUB-PWR-PASSIVE","ir_carrier_supply_cap;ir_demod_supply_cap"
"base_product","murata_grm21br60j226me39l","Murata GRM21BR60J226ME39L","6","active","verified_candidate","present","present","USD","100","0.1341","0.8046","DigiKey cut-tape quantity-100 tier","https://www.digikey.com/en/products/detail/murata-electronics/GRM21BR60J226ME39L/587424","2026-08-19","","","","","present","SUB-PWR-PASSIVE","headphone_l_coupling0;headphone_l_coupling1;headphone_r_coupling0;headphone_r_coupling1;s3_supply_bulk;sd_power_bulk_cap"
"base_product","murata_grm21br71e225ke11l","Murata GRM21BR71E225KE11L","5","active","verified_candidate","present","present","USD","100","0.0612","0.306","DigiKey cut-tape quantity-100 tier","https://www.digikey.com/en/products/detail/murata-electronics/GRM21BR71E225KE11L/6606096","2026-08-19","","","","","present","SUB-PWR-PASSIVE","ext_input_cap;ext_output_cap;safe_rearm_delay_cap;unit_input_cap;unit_output_cap"
"base_product","murata_grm31c5c1h224je02l","Murata GRM31C5C1H224JE02L","1","active","verified_candidate","present","present","USD","100","0.3198","0.3198","DigiKey cut-tape quantity-100 tier","https://www.digikey.com/en/products/detail/murata-electronics/GRM31C5C1H224JE02L/10691338","2026-08-19","","","","","present","SUB-CTRL-PASSIVE","pack_diag_timer_cap"
"base_product","murata_grm31cr71a226ke15l","Murata GRM31CR71A226KE15L","1","active","verified_candidate","present","present","USD","100","0.1884","0.1884","DigiKey cut-tape quantity-100 tier","https://www.digikey.com/en/products/detail/murata-electronics/GRM31CR71A226KE15L/2039036","2026-08-19","","","","","present","SUB-PWR-PASSIVE","aon_output_cap"
"base_product","murata_grm31cr71e106ma12l","Murata GRM31CR71E106MA12L","12","active","verified_candidate","present","present","USD","100","0.1224","1.4688","DigiKey cut-tape quantity-100 tier","https://www.digikey.com/en/products/detail/murata-electronics/GRM31CR71E106MA12L/2548205","2026-08-19","","","","","present","SUB-PWR-PASSIVE","charger_bat_cap0;charger_bat_cap1;charger_pmid_cap0;charger_pmid_cap1;charger_pmid_cap2;charger_sys_cap0;charger_sys_cap1;charger_sys_cap2;charger_sys_cap3;charger_sys_cap4;charger_vbus_cap0;charger_vbus_cap1"
"base_product","murata_grm32er71e226ke15l","Murata GRM32ER71E226KE15L","13","active","verified_candidate","present","present","USD","100","0.3303","4.2939","DigiKey cut-tape quantity-100 tier","https://www.digikey.com/en/products/detail/murata-electronics/GRM32ER71E226KE15L/2039092","2026-08-19","","","","","present","SUB-PWR-PASSIVE","ext_buck_input_cap;ext_buck_output_cap0;ext_buck_output_cap1;main_input_cap;main_output_cap0;main_output_cap1;pd_pphv_cap0;pd_pphv_cap1;pd_pphv_cap2;pd_pphv_cap3;voice_input_cap;voice_output_cap0;voice_output_cap1"
"base_product","murata_lqg15hs10nj02d","Murata LQG15HS10NJ02D","3","active_orderable","verified_exact_cc_matching_passive","present","present","USD","100","0.031","0.093","DigiKey cut-tape quantity-100 tier","https://www.digikey.com/en/products/detail/murata-electronics/LQG15HS10NJ02D/662903","2026-08-19","","","","","present","SUB-RF","cc_315_l10_in;cc_315_l10_out;cc_868_915_l10"
"base_product","murata_lqg15hs15nj02d","Murata LQG15HS15NJ02D","1","active_orderable","verified_exact_cc_matching_passive","present","present","USD","100","0.031","0.031","DigiKey cut-tape quantity-100 tier","https://www.digikey.com/en/products/detail/murata-electronics/LQG15HS15NJ02D/662874","2026-08-19","","","","","present","SUB-RF","cc_433_l15"
"base_product","murata_lqg15hs2n2s02d","Murata LQG15HS2N2S02D","1","active_orderable","verified_exact_cc_matching_passive","present","present","USD","100","0.031","0.031","DigiKey cut-tape quantity-100 tier","https://www.digikey.com/en/products/detail/murata-electronics/LQG15HS2N2S02D/662863","2026-08-19","","","","","present","SUB-RF","cc_output_l2n2"
"base_product","murata_lqg15hs3n3s02d","Murata LQG15HS3N3S02D","1","active_orderable","verified_exact_cc_matching_passive","present","present","USD","100","0.031","0.031","DigiKey cut-tape quantity-100 tier","https://www.digikey.com/en/products/detail/murata-electronics/LQG15HS3N3S02D/662896","2026-08-19","","","","","present","SUB-RF","cc_match_l3n3"
"base_product","murata_lqg15hs3n6s02d","Murata LQG15HS3N6S02D","1","active_orderable","verified_exact_cc_matching_passive","present","present","USD","100","0.031","0.031","DigiKey cut-tape quantity-100 tier","https://www.digikey.com/en/products/detail/murata-electronics/LQG15HS3N6S02D/2594221","2026-08-19","","","","","present","SUB-RF","cc_315_shunt_l3n6"
"base_product","murata_lqg15hs6n8j02d","Murata LQG15HS6N8J02D","1","active_orderable","verified_exact_cc_matching_passive","present","present","USD","100","0.031","0.031","DigiKey cut-tape quantity-100 tier","https://www.digikey.com/en/products/detail/murata-electronics/LQG15HS6N8J02D/662870","2026-08-19","","","","","present","SUB-RF","cc_match_l6n8"
"base_product","murata_lqw15an56ng00d","Murata LQW15AN56NG00D","1","active_factory_stocked_standard_pcba","verified_exact_jlcpcb_stocked_si4732_fmi_first_target","present","present","USD","100","0.0447","0.0447","JLCPCB one-to-199-piece tier","https://jlcpcb.com/partdetail/x/C167482","2026-08-28","","","","","present","SUB-RF","receiver_fmi_match_inductor"
"base_product","nexperia_74lvc126apw_118","Nexperia 74LVC126APW,118","8","production_active_orderable","verified_exact_nrf_host_to_switched_domain_isolator","present","present","USD","100","0.1341","1.0728","DigiKey cut-tape quantity-100 tier","https://www.digikey.com/en/products/detail/nexperia-usa-inc/74LVC126APW-118/2753809","2026-08-19","","","","","present","SUB-LOGIC-ANALOG","cc_host_buffer;cc_return_buffer;nrf0_host_buffer;nrf1_host_buffer;nrf2_host_buffer;u214_host_buffer_a;u214_host_buffer_b;u214_return_buffer"
"base_product","nexperia_74lvc1g32gv_125","74LVC1G32GV,125","2","production","verified_candidate","present","present","USD","100","0.0523","0.1046","DigiKey cut-tape quantity-100 tier","https://www.digikey.com/en/products/detail/nexperia-usa-inc/74LVC1G32GV-125/946687","2026-08-19","","","","","present","SUB-LOGIC-ANALOG","ext_request_or;safe_ptt_or"
"base_product","nexperia_74lvc2g126dp_125","Nexperia 74LVC2G126DP,125","5","production_active_factory_stocked","verified_exact_nrf_switched_to_host_domain_isolator","present","present","USD","100","0.3753","1.8765","JLCPCB quantity-100 tier; live stock 155, MOQ 1","https://jlcpcb.com/partdetail/Nexperia-74LVC2G126DP125/C503392","2026-08-28","","","","","present","SUB-LOGIC-ANALOG","cc_band_buffer;ir_return_buffer;nrf0_return_buffer;nrf1_return_buffer;nrf2_return_buffer"
"base_product","nexperia_74lvc2g14gv_125","74LVC2G14GV,125","2","production_active_factory_stocked_for_trial","verified_stocked_exact_family_package_variant","present","present","USD","100","0.16","0.32","JLCPCB 50-piece tier; current stock 153, available order quantity 35, MOQ 1","https://jlcpcb.com/partdetail/Nexperia-74LVC2G14GV125/C426708","2026-08-28","","","","","present","SUB-LOGIC-ANALOG","safe_conditioner;voice_band_inverter"
"base_product","nexperia_pesd24vy1bsf","Nexperia PESD24VY1BSF","2","production_orderable","verified_exact_sa518_external_rf_esd","present","missing","","","","","","","","quantity_100_rfq_required","No published comparable exact-Nexperia quantity-100 USD tier was found; the same base marking sold by ElecSuper is a different manufacturer and cannot be priced as the accepted Nexperia device","https://www.nexperia.com/product/PESD24VY1BSF","2026-08-19","present","SUB-RF","voice_rf_esd;voice_v_rf_esd"
"base_product","nicerf_sa818s_u_v18","G-NiceRF SA818S-U","1","current_orderable_product","manufacturer_and_jlcpcb_exact_candidate","present","missing","","","","","","","","quantity_100_rfq_required","JLCPCB exposes the exact G-NiceRF PCBA line, but a durable comparable quantity-100 quote is not yet captured","https://jlcpcb.com/partdetail/GNiceRF-SA818SU/C3001549","2026-08-26","present","SUB-COMPUTE-RF","voice"
"base_product","nicerf_sa818s_v_v18","G-NiceRF SA818S-V","1","current_preorder_product","manufacturer_and_jlcpcb_exact_candidate_preorder","present","missing","","","","","","","","quantity_100_rfq_required","The exact G-NiceRF SA818S-V line exists at JLCPCB but is pre-order and lacks a durable comparable quantity-100 quote","https://jlcpcb.com/partdetail/GNiceRF-SA818SV/C51897911","2026-08-26","present","SUB-COMPUTE-RF","voice_v"
"base_product","omron_b3s_1100p","OMRON B3S-1100P","16","active_orderable","verified_exact_direct_press_control_mechanical_hil_open","present","present","USD","100","0.6405","10.248","DigiKey cut-tape quantity-100 tier","https://www.digikey.com/en/products/detail/omron-electronics-inc-emc-div/B3S-1100P/368393","2026-08-19","","","","","present","SUB-MECH-OPTICAL","ptt_switch;ui_dpad_down;ui_dpad_left;ui_dpad_ok;ui_dpad_right;ui_dpad_up;ui_switch_back;ui_switch_f1;ui_switch_f2;ui_switch_f3;ui_switch_f4;ui_switch_f5;ui_switch_f6;ui_switch_f7;ui_switch_f8;ui_switch_opt"
"base_product","onsemi_bat54alt1g","BAT54ALT1G","5","active","verified_candidate","present","present","USD","100","0.0577","0.2885","DigiKey cut-tape quantity-100 tier","https://www.digikey.com/en/products/detail/onsemi/BAT54ALT1G/917808","2026-08-19","","","","","present","SUB-DISCRETE-PROT","evidence_or_0;evidence_or_1;evidence_or_2;evidence_or_3;evidence_or_4"
"base_product","onsemi_bav70lt1g","onsemi BAV70LT1G","1","active","verified_candidate","present","present","USD","100","0.046","0.046","DigiKey cut-tape quantity-100 tier","https://www.digikey.com/en/products/detail/onsemi/BAV70LT1G/918324","2026-08-19","","","","","present","SUB-DISCRETE-PROT","pack_supply_or"
"base_product","onsemi_cat24c512wi_gt3","onsemi CAT24C512WI-GT3","1","active","verified_candidate","present","present","USD","100","0.7133","0.7133","DigiKey cut-tape quantity-100 tier","https://www.digikey.com/en/products/detail/onsemi/CAT24C512WI-GT3/2683757","2026-08-19","","","","","present","SUB-PWR-SAFETY","pd_config_eeprom"
"base_product","onsemi_fsusb42_mux","onsemi FSUSB42MUX","2","active_orderable","verified_exact_data_only_service_usb_isolator","present","present","USD","100","0.4663","0.9326","DigiKey cut-tape quantity-100 tier","https://www.digikey.com/en/products/detail/onsemi/FSUSB42MUX/2036916","2026-08-19","","","","","present","SUB-LOGIC-ANALOG","c5_service_usb_switch;rp_service_usb_switch"
"base_product","panasonic_erj_2rkf22r0x","Panasonic ERJ-2RKF22R0X","45","active","verified_candidate","present","present","USD","100","0.0155","0.6975","DigiKey cut-tape quantity-100 tier","https://www.digikey.com/en/products/detail/panasonic-industry/ERJ-2RKF22R0X/1746157","2026-08-19","","","","","present","SUB-CTRL-PASSIVE","c5_service_usb_dm_series;c5_service_usb_dp_series;cc_band_v1_series;cc_band_v2_series;cc_csn_series;cc_gdo0_series;cc_gdo2_series;cc_sclk_series;cc_si_series;cc_so_series;headphone_l_series;headphone_r_series;nrf0_ce_series;nrf0_csn_series;nrf0_irq_series;nrf0_miso_series;nrf0_mosi_series;nrf0_sck_series;nrf1_ce_series;nrf1_csn_series;nrf1_irq_series;nrf1_miso_series;nrf1_mosi_series;nrf1_sck_series;nrf2_ce_series;nrf2_csn_series;nrf2_irq_series;nrf2_miso_series;nrf2_mosi_series;nrf2_sck_series;product_usb_dm_series;product_usb_dp_series;sd_cmd_series;sd_cs_series;sd_miso_series;sd_sck_series;u214_series_busy;u214_series_gps_rx;u214_series_gps_tx;u214_series_irq;u214_series_miso;u214_series_mosi;u214_series_nss;u214_series_rst;u214_series_sck"
"base_product","panasonic_erj_2rkf27r0x","Panasonic ERJ-2RKF27R0X","2","active_orderable","verified_exact_rp2354_usb_series_resistor","present","present","USD","100","0.0155","0.031","DigiKey cut-tape quantity-100 tier","https://www.digikey.com/en/products/detail/panasonic-electronic-components/ERJ-2RKF27R0X/1746179","2026-08-19","","","","","present","SUB-CTRL-PASSIVE","rp_service_usb_dm_series;rp_service_usb_dp_series"
"base_product","panasonic_erj_p08f10r0v","Panasonic ERJ-P08F10R0V","1","active","verified_candidate","present","present","USD","100","0.0689","0.0689","DigiKey cut-tape quantity-100 tier","https://www.digikey.com/en/products/detail/panasonic-industry/ERJ-P08F10R0V/5722446","2026-08-19","","","","","present","SUB-CTRL-PASSIVE","pack_in_res"
"base_product","panasonic_erj_p08f49r9v","Panasonic ERJ-P08F49R9V","2","active_orderable","verified_exact_max17320_2s_balance_resistor","present","missing","","","","","","","","quantity_100_rfq_required","The authorized-distributor exact-MPN page offers only a 5,000-piece full reel, while accessible quantity-100 reference prices require a broker RFQ; no comparable published authorized USD quantity-100 tier is available","https://www.digikey.com/en/products/detail/panasonic-industry/ERJ-P08F49R9V/9813007","2026-08-19","present","SUB-CTRL-PASSIVE","pack_batts_rbal;pack_cell1_rbal"
"base_product","pui_as02404po","PUI Audio AS02404PO","1","active_orderable","verified_candidate","present","present","USD","100","2.5294","2.5294","DigiKey bulk 50-plus tier applicable to an order of 100 pieces","https://www.digikey.com/en/products/detail/pui-audio-inc/AS02404PO/24385608","2026-08-19","","","","","present","SUB-MECH-OPTICAL","speaker"
"base_product","qdtech_hmx035ctft_001","HMX035CTFT-001 (QDtech schematic assembly marking)","1","assembly_marking_and_contacts_disclosed_in_official_reference_schematic; standalone_orderability_drawing_and_lifecycle_unverified","verified_candidate","missing","missing","","","","","","","","unresolved_production_panel_factory_quote_required","Published HMX donor prices are legacy evidence, not a procurement route; the exact production panel and factory attrition must be quoted for one assembled prototype","https://www.lcdwiki.com/res/ES3C35P/ESP32-S3%E5%8E%9F%E7%90%86%E5%9B%BE.pdf","2026-08-19","present","SUB-MECH-OPTICAL","display"
"base_product","rp2354b_a4","SC1512-A4","1","active_orderable","verified_exact_rp2354b0a4_7inch_reel_order_code","present","present","USD","100","1.4927","1.4927","JLCPCB/LCSC C39843328 public quantity-10 tier used conservatively until the quantity-100 tier is rechecked at freeze; quantity-1 is USD 1.5658","https://jlcpcb.com/partdetail/RaspberryPi-RP2354B/C39843328","2026-08-28","","","","","present","SUB-COMPUTE-RF","rp"
"base_product","same_sky_cmej_0413_42_smt_tr","Same Sky CMEJ-0413-42-SMT-TR","1","active_orderable","verified_candidate","present","present","USD","100","0.3909","0.3909","DigiKey cut-tape quantity-100 tier","https://www.digikey.com/en/products/detail/same-sky-formerly-cui-devices/CMEJ-0413-42-SMT-TR/10253447","2026-08-19","","","","","present","SUB-MECH-OPTICAL","microphone"
"base_product","same_sky_sj_43504_smt_tr","Same Sky SJ-43504-SMT-TR","1","active_orderable","verified_candidate","present","present","USD","100","0.9304","0.9304","DigiKey cut-tape quantity-100 tier; 7,349 units shown in stock","https://www.digikey.com/en/products/detail/same-sky-formerly-cui-devices/SJ-43504-SMT-TR/2625173","2026-08-23","","","","","present","SUB-MECH-OPTICAL","headphone_jack"
"base_product","samtec_ftsh_105_01_l_dv_k_p_tr","Samtec FTSH-105-01-L-DV-K-P-TR","3","active_orderable","verified_exact_three_domain_dbg10_header","present","present","USD","100","1.6991","5.0973","DigiKey cut-tape quantity-100 tier","https://www.digikey.com/en/products/detail/samtec-inc/FTSH-105-01-L-DV-K-P-TR/5305483","2026-08-19","","","","","present","SUB-MECH-OPTICAL","c5_dbg_header;rp_dbg_header;s3_dbg_header"
"base_product","samtec_hle_107_02_g_dv_pe_lc","Samtec HLE-107-02-G-DV-PE-LC","1","active Extended Life Product; 138 exact parts shown as ships-tomorrow stock","verified_bounded_paper_fit_received_u214_mating_hil_open","present","present","USD","100","2.542","2.542","Samtec OEM quantity-100 tier","https://www.samtec.com/products/hle-107-02-g-dv-pe-lc","2026-08-23","","","","","present","SUB-MECH-OPTICAL","u214_connector"
"base_product","seeed_1125r_smt_4p","1125R-SMT-4P","1","active in Seeed Open Parts Library as PCBA SKU 320110032","verified_exact_paper_fit_received_cable_hil_open","present","present","USD","100","0.042","0.042","Seeed Open Parts Library published per-placement price applied at target quantity 100","https://www.seeedstudio.com/blog/2022/11/18/seeed-grove-designers-guide-pcb-design-guidelines-and-more/","2026-08-19","","","","","present","SUB-MECH-OPTICAL","unit_connector"
"base_product","skyworks_si4732_a10_gsr","Si4732-A10-GSR","1","active_orderable","verified_exact_production_candidate","present","present","USD","100","1.6785","1.6785","JLCPCB PCBA-only in-stock-item quantity-100+ tier","https://jlcpcb.com/partdetail/SILICONLABS-SI4732_A10GSR/C2155558","2026-08-19","","","","","present","SUB-COMPUTE-RF","receiver"
"base_product","sunlord_mwsa0503s_2r2mt","Sunlord MWSA0503S-2R2MT","1","active","verified_candidate","present","present","USD","100","0.5751","0.5751","DigiKey cut-tape quantity-100 tier","https://www.digikey.com/en/products/detail/shenzhen-sunlord-electronics-co-ltd/MWSA0503S-2R2MT/14120103","2026-08-19","","","","","present","SUB-PWR-PASSIVE","charger_inductor"
"base_product","sunlord_mwsa0503s_3r3mt","Sunlord MWSA0503S-3R3MT","2","active","verified_candidate","present","missing","","","","","","","","quantity_100_rfq_required","The exact assembly listing publishes only CNY tax-inclusive tiers while the USD cost contract forbids an unstated FX conversion; a same-currency quantity-100 quote is required","https://www.jlc-smt.com/lcsc/detail/C408409.html","2026-08-19","present","SUB-PWR-PASSIVE","main_inductor;voice_inductor"
"base_product","sunlord_mwsa0503s_4r7mt","Sunlord MWSA0503S-4R7MT","1","active","verified_candidate","present","present","USD","100","0.5751","0.5751","DigiKey cut-tape quantity-100 tier","https://www.digikey.com/en/products/detail/shenzhen-sunlord-electronics-co-ltd/MWSA0503S-4R7MT/14120288","2026-08-19","","","","","present","SUB-PWR-PASSIVE","ext_inductor"
"base_product","sunlord_wpn201612h2r2mt","Sunlord WPN201612H2R2MT","1","active","verified_candidate","present","present","USD","100","0.0426","0.0426","JLCPCB assembly-parts quantity-100 tier; captive PCBA inventory","https://jlcpcb.com/partdetail/Sunlord-WPN201612H2R2MT/C97025","2026-08-19","","","","","present","SUB-PWR-PASSIVE","aon_inductor"
"base_product","tca4307dgkr","TCA4307DGKR","1","active","verified_exact_u214_i2c_hot_swap_boundary","present","present","USD","100","2.0137","2.0137","DigiKey cut-tape quantity-100 tier","https://www.digikey.com/en/products/detail/texas-instruments/TCA4307DGKR/13169411","2026-08-19","","","","","present","SUB-LOGIC-ANALOG","u214_i2c_iso"
"base_product","tca6424argjr","TCA6424ARGJR","1","active","verified_exact_main_slow_io_core","present","present","USD","100","1.7001","1.7001","DigiKey cut-tape quantity-100 tier","https://www.digikey.com/en/products/detail/texas-instruments/TCA6424ARGJR/2411683","2026-08-19","","","","","present","SUB-LOGIC-ANALOG","slow_io"
"base_product","tdk_b57332v5103f360","TDK B57332V5103F360","6","active","verified_candidate","present","present","USD","100","0.1157","0.6942","DigiKey cut-tape quantity-100 tier","https://www.digikey.com/en/products/detail/epcos-tdk-electronics/B57332V5103F360/4945421","2026-08-19","","","","","present","SUB-CTRL-PASSIVE","charger_ts_ntc;pack_ntc0;pack_ntc1;power_zone_ntc;rf_zone_ntc;ui_zone_ntc"
"base_product","tdk_c1005x5r0j475k050bc","TDK C1005X5R0J475K050BC","4","active_orderable","verified_exact_rp2350_reference_regulator_capacitor","present","present","USD","100","0.0903","0.3612","DigiKey cut-tape quantity-100 tier","https://www.digikey.com/en/products/detail/tdk-corporation/C1005X5R0J475K050BC/2443425","2026-08-23","","","","","present","SUB-PWR-PASSIVE","rp_dvdd_remote_bulk;rp_vreg_avdd_filter_cap;rp_vreg_output_bulk;rp_vreg_vin_bulk"
"base_product","tdk_c1608x7r1c105k080ac","TDK C1608X7R1C105K080AC","37","active_production","verified_candidate","present","present","USD","100","0.0392","1.4504","DigiKey cut-tape quantity-100 tier","https://www.digikey.com/en/products/detail/tdk-corporation/C1608X7R1C105K080AC/634395","2026-08-19","","","","","present","SUB-CTRL-PASSIVE","audio_capture_input_coupling;audio_capture_local_bias_cap;audio_capture_mic_coupling;audio_capture_rx_coupling;audio_vmid_cap;cc_evidence_hold_cap;cc_local_bulk_cap;cc_power_input_cap;codec_adc_n_coupling;codec_adc_p_coupling;codec_adcvref_cap;codec_dacvref_cap;codec_power_input_cap;codec_tx_coupling;codec_vmid_cap;ir_power_input_cap;mic_tx_coupling;nrf_evidence_hold_cap;nrf_power_input_cap;pack_diag_lockout_cap;product_usb_vpwr_cap;receiver_power_input_cap;s3_reset_delay_cap;sd_power_input_cap;si_audio_l_coupling;si_audio_r_coupling;slow_io_bulk_cap;speaker_amp_input_cap;speaker_input_n_coupling;speaker_input_p_coupling;voice_evidence_hold_cap;voice_io_power_input_cap;voice_io_power_output_cap;voice_mic_coupling;voice_rx_coupling;voice_v_evidence_hold_cap;voice_v_mic_coupling"
"base_product","tdk_cga5l1x7r1e475k160ac","TDK CGA5L1X7R1E475K160AC","3","active","verified_candidate","present","present","USD","100","0.1419","0.4257","DigiKey cut-tape quantity-100 tier","https://www.digikey.com/en/products/detail/tdk/CGA5L1X7R1E475K160AC/2443184","2026-08-19","","","","","present","SUB-PWR-PASSIVE","aon_input_cap;charger_regn_cap;pd_vbus_cap"
"base_product","te_2118651_2","TE Connectivity 2118651-2","5","active_orderable","verified_exact_native_rf_jumper","present","present","USD","100","1.8211","9.1055","DigiKey bag quantity-100 tier","https://www.digikey.com/en/products/detail/te-connectivity-amp-connectors/2118651-2/16538824","2026-08-20","","","","","present","SUB-MECH-OPTICAL","c5_rf_jumper;nrf0_rf_jumper;nrf1_rf_jumper;nrf2_rf_jumper;s3_rf_jumper"
"base_product","ti_bq25798_rqmr","Texas Instruments BQ25798RQMR","1","active","verified_candidate","present","present","USD","100","3.514","3.514","DigiKey cut-tape quantity-100 tier","https://www.digikey.com/en/products/detail/texas-instruments/BQ25798RQMR/15666783","2026-08-19","","","","","present","SUB-PWR-SAFETY","nvdc_charger"
"base_product","ti_csd87313dms","Texas Instruments CSD87313DMS","1","active_factory_stocked_standard_pcba","verified_exact_jlcpcb_stocked_candidate","present","present","USD","100","0.7651","0.7651","JLCPCB quantity-100 tier","https://jlcpcb.com/partdetail/x/C2863848","2026-08-28","","","","","present","SUB-PWR-SAFETY","pack_power_fet"
"base_product","ti_mspm0c1106_sdgs20r","Texas Instruments MSPM0C1106SDGS20R","2","active_orderable","verified_exact_64kb_flash_8kb_sram_hybrid_bsl_candidate","present","present","USD","100","0.8384","1.6768","DigiKey cut-tape quantity-100 tier","https://www.digikey.com/en/products/detail/texas-instruments/MSPM0C1106SDGS20R/28264017","2026-08-20","","","","","present","SUB-PWR-SAFETY","pack_admission;safety_controller"
"base_product","ti_sn74lvc08a_pwr","SN74LVC08APWR","2","active","verified_candidate","present","present","USD","100","0.2127","0.4254","DigiKey cut-tape quantity-100 tier","https://www.digikey.com/en/products/detail/texas-instruments/SN74LVC08APWR/276489","2026-08-19","","","","","present","SUB-LOGIC-ANALOG","safe_gate_a;safe_gate_b"
"base_product","ti_sn74lvc1g06_dckr","Texas Instruments SN74LVC1G06DCKR","2","active_orderable","verified_exact_fail_low_reset_gate_driver","present","present","USD","100","0.0749","0.1498","DigiKey cut-tape quantity-100 tier","https://www.digikey.com/en/products/detail/texas-instruments/SN74LVC1G06DCKR/377452","2026-08-19","","","","","present","SUB-LOGIC-ANALOG","safe_c5_reset_buffer;safe_reset_buffer"
"base_product","ti_sn74lvc1g07_dckr","SN74LVC1G07DCKR","10","active","verified_exact_open_drain_partial_power_buffer","present","present","USD","100","0.0509","0.509","DigiKey cut-tape quantity-100 tier","https://www.digikey.com/en/products/detail/texas-instruments/SN74LVC1G07DCKR/377457","2026-08-19","","","","","present","SUB-LOGIC-ANALOG","ext_evidence_buffer;receiver_irq_iso;safe_c5_fault_reset_buffer;safe_run_fault_iso;safety_fault_request_iso;safety_s3_reset_iso;slow_io_fault_sense_iso;slow_io_s3_evidence_iso;touch_irq_buffer;voice_hl_driver"
"base_product","ti_sn74lvc1g08_dckr","SN74LVC1G08DCKR","4","active_orderable","verified_exact_partial_power_down_and_gate","present","present","USD","100","0.049","0.196","DigiKey cut-tape quantity-100 tier","https://www.digikey.com/en/products/detail/texas-instruments/SN74LVC1G08DCKR/385741","2026-08-19","","","","","present","SUB-LOGIC-ANALOG","cc_backup_gate;codec_i2s_din_boot_gate;ir_safe_gate;nrf_backup_gate"
"base_product","ti_sn74lvc1g125_dckr","Texas Instruments SN74LVC1G125DCKR","1","active","verified_candidate","present","present","USD","100","0.0583","0.0583","DigiKey cut-tape quantity-100 tier","https://www.digikey.com/en/products/detail/texas-instruments/SN74LVC1G125DCKR/385743","2026-08-19","","","","","present","SUB-LOGIC-ANALOG","sd_miso_buffer"
"base_product","ti_sn74lvc1g126_dckr","Texas Instruments SN74LVC1G126DCKR","4","active","verified_candidate","present","present","USD","100","0.0546","0.2184","DigiKey cut-tape quantity-100 tier","https://www.digikey.com/en/products/detail/texas-instruments/SN74LVC1G126DCKR/385723","2026-08-19","","","","","present","SUB-LOGIC-ANALOG","codec_i2s_bclk_iso;codec_i2s_din_iso;codec_i2s_dout_iso;codec_i2s_ws_iso"
"base_product","ti_sn74lvc1g17_dckr","SN74LVC1G17DCKR","1","active_orderable","verified_exact_schmitt_buffer","present","present","USD","100","0.1434","0.1434","DigiKey cut-tape quantity-100 tier","https://www.digikey.com/en/products/detail/texas-instruments/SN74LVC1G17DCKR/389053","2026-08-24","","","","","present","SUB-LOGIC-ANALOG","safe_rearm_buffer"
"base_product","ti_sn74lvc1g3157_dbvr","Texas Instruments SN74LVC1G3157DBVR","1","active","verified_reference","present","present","USD","100","0.1301","0.1301","DigiKey cut-tape quantity-100 tier","https://www.digikey.com/en/products/detail/texas-instruments/SN74LVC1G3157DBVR/562896","2026-08-19","","","","","present","SUB-LOGIC-ANALOG","audio_rx_mux"
"base_product","ti_sn74lvc1g74_dcur","SN74LVC1G74DCUR","1","active","verified_candidate","present","present","USD","100","0.33","0.33","Mouser cut-tape quantity-100 tier","https://www.mouser.com/en/ProductDetail/Texas-Instruments/SN74LVC1G74DCUR?qs=DS7Z8uEdLNyRBKrHxqRXjA%3D%3D","2026-08-19","","","","","present","SUB-LOGIC-ANALOG","safe_latch"
"base_product","ti_sn74lvc2g08_dcur","Texas Instruments SN74LVC2G08DCUR","3","active","reference_only","present","present","USD","100","0.2296","0.6888","DigiKey cut-tape quantity-100 tier","https://www.digikey.com/en/products/detail/texas-instruments/SN74LVC2G08DCUR/484830","2026-08-19","","","","","present","SUB-LOGIC-ANALOG","audio_safe_gate;ext_branch_gate;voice_pd_gate"
"base_product","ti_sn74lvc2g66_dcur","Texas Instruments SN74LVC2G66DCUR","2","active","verified_candidate","present","present","USD","100","0.393","0.786","Mouser cut-tape quantity-100 tier","https://www.mouser.com/ProductDetail/Texas-Instruments/SN74LVC2G66DCUR?qs=N6WZOzgtpqWMpNL31DMvDQ%3D%3D","2026-08-19","","","","","present","SUB-LOGIC-ANALOG","codec_i2c_iso;receiver_i2c_iso"
"base_product","ti_sn74lvc3g07_dcur","SN74LVC3G07DCUR","2","active_orderable","verified_exact_aon_to_main_open_drain_isolator","present","present","USD","100","0.4087","0.8174","DigiKey cut-tape quantity-100 tier","https://www.digikey.com/en/products/detail/texas-instruments/SN74LVC3G07DCUR/484588","2026-08-19","","","","","present","SUB-LOGIC-ANALOG","evidence_main_isolator;safe_fault_reset_buffer"
"base_product","ti_sn74lvc3g34_dcur","SN74LVC3G34DCUR","1","active","verified_candidate","present","present","USD","100","0.2616","0.2616","DigiKey cut-tape quantity-100 tier","https://www.digikey.com/en/products/detail/texas-instruments/SN74LVC3G34DCUR/484593","2026-08-19","","","","","present","SUB-LOGIC-ANALOG","sd_host_buffer"
"base_product","ti_tca9534a_pwr","TCA9534APWR","2","active","verified_candidate","present","present","USD","100","1.0212","2.0424","DigiKey cut-tape quantity-100 tier","https://www.digikey.com/en/products/detail/texas-instruments/TCA9534APWR/5004965","2026-08-19","","","","","present","SUB-LOGIC-ANALOG","headset_control_io;voice_band_io"
"base_product","ti_tca9535_pwr","TCA9535PWR","1","active_orderable","verified_exact_aon_evidence_mask_expander","present","present","USD","100","1.1915","1.1915","DigiKey cut-tape quantity-100 tier","https://www.digikey.com/en/products/detail/texas-instruments/TCA9535PWR/2139128","2026-08-20","","","","","present","SUB-LOGIC-ANALOG","evidence_mask"
"base_product","ti_tca9539_pwr","TCA9539PWR","1","active_orderable","verified_exact_direct_control_input_expander","present","present","USD","100","1.0196","1.0196","DigiKey cut-tape quantity-100 tier","https://www.digikey.com/en/products/detail/texas-instruments/TCA9539PWR/2139129","2026-08-19","","","","","present","SUB-LOGIC-ANALOG","ui_matrix_io"
"base_product","ti_tlv1821_dckr","TLV1821DCKR","2","active_orderable","verified_exact_local_voice_evidence_comparator","present","present","USD","100","0.744","1.488","DigiKey cut-tape quantity-100 tier","https://www.digikey.com/en/products/detail/texas-instruments/TLV1821DCKR/22147288","2026-08-19","","","","","present","SUB-LOGIC-ANALOG","evidence_cmp_voice;evidence_cmp_voice_v"
"base_product","ti_tlv1824_pwr","TLV1824PWR","2","active","verified_candidate","present","present","USD","100","1.0518","2.1036","DigiKey cut-tape quantity-100 tier","https://www.digikey.com/en/products/detail/texas-instruments/TLV1824PWR/23028806","2026-08-19","","","","","present","SUB-LOGIC-ANALOG","evidence_cmp_a;evidence_cmp_b"
"base_product","ti_tlv9061_idbvr","TLV9061IDBVR","2","active","verified_reference","present","present","USD","100","0.394","0.788","DigiKey cut-tape quantity-100 tier","https://www.digikey.com/en/products/detail/texas-instruments/TLV9061IDBVR/9771970","2026-08-19","","","","","present","SUB-LOGIC-ANALOG","audio_capture_buffer;ir_evidence_amp"
"base_product","ti_tmux1136_dgsr","Texas Instruments TMUX1136DGSR","4","active","reference_only","present","present","USD","100","2.0581","8.2324","DigiKey cut-tape quantity-100 tier","https://www.digikey.com/en/products/detail/texas-instruments/TMUX1136DGSR/10273239","2026-08-19","","","","","present","SUB-LOGIC-ANALOG","audio_speaker_selector;voice_audio_mux;voice_control_mux_a;voice_control_mux_b"
"base_product","ti_tpd2eusb30a_drtr","Texas Instruments TPD2EUSB30ADRTR","2","active_orderable","verified_exact_service_usb_esd","present","present","USD","100","0.4219","0.8438","DigiKey cut-tape quantity-100 tier","https://www.digikey.com/en/products/detail/texas-instruments/TPD2EUSB30ADRTR/2520830","2026-08-19","","","","","present","SUB-DISCRETE-PROT","c5_service_usb_esd;rp_service_usb_esd"
"base_product","ti_tpd4e05u06_dqar","Texas Instruments TPD4E05U06DQAR","13","active","verified_candidate","present","present","USD","100","0.309","4.017","DigiKey cut-tape quantity-100 tier","https://www.digikey.com/en/products/detail/texas-instruments/TPD4E05U06DQAR/3996774","2026-08-19","","","","","present","SUB-DISCRETE-PROT","c5_dbg_esd;encoder_ptt_esd;headphone_esd;rear_control_esd;rp_dbg_esd;s3_dbg_esd;safety_control_esd;sd_esd_a;sd_esd_b;u214_esd_a;u214_esd_b;u214_esd_c;unit_esd"
"base_product","ti_tpd4s201_rukr","Texas Instruments TPD4S201RUKR","1","active","verified_candidate","present","present","USD","100","0.7713","0.7713","DigiKey cut-tape quantity-100 tier","https://www.digikey.com/en/products/detail/texas-instruments/TPD4S201RUKR/27685826","2026-08-19","","","","","present","SUB-DISCRETE-PROT","product_usb_protector"
"base_product","ti_tpd8e003_dqdr","Texas Instruments TPD8E003DQDR","2","active","verified_candidate","present","present","USD","100","0.6445","1.289","DigiKey cut-tape quantity-100 tier","https://www.digikey.com/en/products/detail/texas-instruments/TPD8E003DQDR/2348535","2026-08-19","","","","","present","SUB-DISCRETE-PROT","front_function_esd;ui_matrix_esd"
"base_product","ti_tps22919_dckr","Texas Instruments TPS22919DCKR","7","active","verified_candidate","present","present","USD","100","0.1189","0.8323","DigiKey cut-tape quantity-100 tier","https://www.digikey.com/en/products/detail/texas-instruments/TPS22919DCKR/10435170","2026-08-19","","","","","present","SUB-PWR-SAFETY","cc_power_switch;codec_power_switch;ir_power_switch;nrf_power_switch;receiver_power_switch;sd_power_switch;voice_io_power_switch"
"base_product","ti_tps2553drvr_1","Texas Instruments TPS2553DRVR-1","1","active","verified_candidate","present","present","USD","100","0.6093","0.6093","DigiKey cut-tape quantity-100 tier","https://www.digikey.com/en/products/detail/texas-instruments/TPS2553DRVR-1/2047903","2026-08-19","","","","","present","SUB-PWR-SAFETY","backlight_efuse"
"base_product","ti_tps25751d_refr","Texas Instruments TPS25751DREFR","1","active","verified_candidate","present","present","USD","100","1.8384","1.8384","DigiKey cut-tape quantity-100 tier","https://www.digikey.com/en/products/detail/texas-instruments/TPS25751DREFR/23028775","2026-08-19","","","","","present","SUB-PWR-SAFETY","pd_controller"
"base_product","ti_tps259470l_rpwr","Texas Instruments TPS259470LRPWR","2","active","verified_candidate","present","present","USD","100","1.0196","2.0392","DigiKey cut-tape quantity-100 tier","https://www.digikey.com/en/products/detail/texas-instruments/TPS259470LRPWR/14124014","2026-08-19","","","","","present","SUB-PWR-SAFETY","ext_efuse;unit_efuse"
"base_product","ti_tps25961_drvr","Texas Instruments TPS25961DRVR","1","active","verified_candidate","present","present","USD","100","0.4513","0.4513","DigiKey cut-tape quantity-100 tier","https://www.digikey.com/en/products/detail/texas-instruments/TPS25961DRVR/17394947","2026-08-19","","","","","present","SUB-PWR-SAFETY","aon_efuse"
"base_product","ti_tps25974l_rpwr","Texas Instruments TPS25974LRPWR","2","active","verified_candidate","present","present","USD","100","0.7929","1.5858","DigiKey cut-tape quantity-100 tier","https://www.digikey.com/en/products/detail/texas-instruments/TPS25974LRPWR/15965500","2026-08-19","","","","","present","SUB-PWR-SAFETY","main_efuse;voice_efuse"
"base_product","ti_tps3435cakagddfr","Texas Instruments TPS3435CAKAGDDFR","1","active_orderable","verified_exact_independent_aon_watchdog","present","present","USD","100","1.476","1.476","DigiKey cut-tape quantity-100 tier","https://www.digikey.com/en/products/detail/texas-instruments/TPS3435CAKAGDDFR/17748491","2026-08-20","","","","","present","SUB-PWR-SAFETY","safety_watchdog"
"base_product","ti_tps3808g33_dbvr","TPS3808G33DBVR","4","active","verified_candidate","present","present","USD","100","1.0984","4.3936","DigiKey cut-tape quantity-100 tier","https://www.digikey.com/en/products/detail/texas-instruments/TPS3808G33DBVR/666727","2026-08-19","","","","","present","SUB-PWR-SAFETY","safe_supervisor;u214_supervisor;unit_supervisor;voice_supervisor"
"base_product","ti_tps3839k33_dbzr","Texas Instruments TPS3839K33DBZR","2","active","verified_candidate","present","present","USD","100","0.394","0.788","DigiKey cut-tape quantity-100 tier","https://www.digikey.com/en/products/detail/texas-instruments/TPS3839K33DBZR/3748986","2026-08-19","","","","","present","SUB-PWR-SAFETY","codec_supervisor;receiver_supervisor"
"base_product","ti_tps564252_drlr","Texas Instruments TPS564252DRLR","3","active","verified_candidate","present","present","USD","100","0.2953","0.8859","DigiKey cut-tape quantity-100 tier","https://www.digikey.com/en/products/detail/texas-instruments/TPS564252DRLR/20415586","2026-08-19","","","","","present","SUB-PWR-SAFETY","ext_buck;main_buck;voice_buck"
"base_product","ti_tps629203_drlr","Texas Instruments TPS629203DRLR","1","active","verified_candidate","present","present","USD","100","0.6192","0.6192","DigiKey cut-tape quantity-100 tier","https://www.digikey.com/en/products/detail/texas-instruments/TPS629203DRLR/16516661","2026-08-19","","","","","present","SUB-PWR-SAFETY","aon_buck"
"base_product","ti_tpul2g223_bqbr","Texas Instruments TPUL2G223BQBR","1","active_production","verified_candidate","present","missing","","","","","","","","quantity_100_rfq_required","TI marks the exact new part active/production but the current order page shows no inventory or published quantity-100 price; obtain a traceable distributor or factory quotation before freezing COGS","https://www.ti.com/product/TPUL2G223/part-details/TPUL2G223BQBR","2026-08-19","present","SUB-PWR-SAFETY","pack_diag_timer"
"base_product","ti_ts5a63157_dckr","Texas Instruments TS5A63157DCKR","3","active","reference_only","present","present","USD","100","0.233","0.699","DigiKey cut-tape quantity-100 tier; exact line was temporarily out of stock when checked","https://www.digikey.com/en/products/detail/texas-instruments/TS5A63157DCKR/1216801","2026-08-19","","","","","present","SUB-LOGIC-ANALOG","audio_capture_selector;audio_tx_selector;headset_mic_selector"
"base_product","ti_tvs2200_drvr","Texas Instruments TVS2200DRVR","1","active","verified_candidate","present","present","USD","100","0.4493","0.4493","DigiKey cut-tape quantity-100 tier","https://www.digikey.com/en/products/detail/texas-instruments/TVS2200DRVR/8567233","2026-08-19","","","","","present","SUB-PWR-SAFETY","pd_vbus_tvs"
"base_product","ti_txs0102_dcur","Texas Instruments TXS0102DCUR","1","active_production_orderable","verified_exact_native_m5_unit_signal_isolator","present","present","USD","100","0.348","0.348","Mouser cut-tape quantity-100 tier","https://www.mouser.com/ProductDetail/Texas-Instruments/TXS0102DCUR","2026-08-19","","","","","present","SUB-LOGIC-ANALOG","unit_signal_iso"
"base_product","ttm_b0310j50100ahf","TTM Technologies B0310J50100AHF","1","active_orderable","verified_exact_cc_first_pass_balun","present","present","USD","100","0.9929","0.9929","DigiKey cut-tape quantity-100 tier","https://www.digikey.com/en/products/detail/ttm-technologies-inc/B0310J50100AHF/3069172","2026-08-19","","","","","present","SUB-RF","cc_balun"
"base_product","ttm_dc2337j5010ahf","TTM Technologies DC2337J5010AHF","3","active_orderable","verified_exact_nrf_forward_power_coupler","present","present","USD","100","1.0291","3.0873","DigiKey cut-tape quantity-100 tier","https://www.digikey.com/en/products/detail/ttm-technologies-inc/DC2337J5010AHF/3069211","2026-08-19","","","","","present","SUB-RF","nrf0_coupler;nrf1_coupler;nrf2_coupler"
"base_product","uniroyal_0402wgf1333tce","UNI-ROYAL 0402WGF1333TCE","1","production_active_factory_stocked","verified_stocked_exact_parametric_replacement","present","present","USD","100","0.0015","0.0015","JLCPCB one-piece tier; live stock 6692, MOQ 1","https://jlcpcb.com/partdetail/26496-0402WGF1333TCE/C25753","2026-08-28","","","","","present","SUB-CTRL-PASSIVE","backlight_efuse_ilim"
"base_product","uniroyal_0402wgf1603tce","UNI-ROYAL 0402WGF1603TCE","1","active_factory_stocked_standard_pcba","verified_exact_jlcpcb_stocked_standard_pcba","present","present","USD","100","0.0026","0.0026","conservative JLCPCB one-piece tier","https://jlcpcb.com/partdetail/26500-0402WGF1603TCE/C25757","2026-08-28","","","","","present","SUB-CTRL-PASSIVE","codec_tx_atten_top"
"base_product","uniroyal_0402wgf1651tce","UNI-ROYAL 0402WGF1651TCE","1","production_active_factory_stocked","verified_stocked_exact_parametric_replacement","present","present","USD","100","0.0008","0.0008","JLCPCB one-piece tier; live stock 5616, MOQ 1","https://jlcpcb.com/partdetail/26612-0402WGF1651TCE/C25869","2026-08-28","","","","","present","SUB-CTRL-PASSIVE","main_efuse_rilm"
"base_product","uniroyal_0402wgf2201tce","UNI-ROYAL 0402WGF2201TCE","23","production_active_factory_stocked","verified_stocked_exact_parametric_replacement","present","present","USD","100","0.0039","0.0897","JLCPCB one-piece tier; live stock 2027222, MOQ 1","https://jlcpcb.com/partdetail/26622-0402WGF2201TCE/C25879","2026-08-28","","","","","present","SUB-CTRL-PASSIVE","c5_tx_led_series;cc_tx_led_series;codec_i2c_scl_pullup;codec_i2c_sda_pullup;codec_tx_atten_bottom;ext_tx_led_series;fault_led_series;headset_mic_bias_res;ir_tx_led_series;microphone_bias_res;nrf0_tx_led_series;nrf1_tx_led_series;nrf2_tx_led_series;pd_local_scl_pullup;pd_local_sda_pullup;receiver_i2c_scl_pullup;receiver_i2c_sda_pullup;s3_tx_led_series;sys_i2c_scl_pullup;sys_i2c_sda_pullup;u214_i2c_host_scl_pullup;u214_i2c_host_sda_pullup;voice_tx_led_series"
"base_product","uniroyal_0402wgf2703tce","UNI-ROYAL 0402WGF2703TCE","1","production_active_factory_stocked","verified_stocked_exact_parametric_replacement","present","present","USD","100","0.0057","0.0057","JLCPCB one-piece tier; live stock 156208, MOQ 1","https://jlcpcb.com/partdetail/26513-0402WGF2703TCE/C25770","2026-08-28","","","","","present","SUB-CTRL-PASSIVE","voice_efuse_ovlo_top"
"base_product","uniroyal_0402wgf5231tce","UNI-ROYAL 0402WGF5231TCE","1","production_active_factory_stocked","verified_stocked_exact_parametric_replacement","present","present","USD","100","0.0061","0.0061","JLCPCB one-piece tier; live stock 40861, MOQ 1","https://jlcpcb.com/partdetail/26650-0402WGF5231TCE/C25907","2026-08-28","","","","","present","SUB-CTRL-PASSIVE","charger_ts_top"
"base_product","uniroyal_0402wgf8201tce","UNI-ROYAL 0402WGF8201TCE","1","production_active_factory_stocked","verified_stocked_exact_parametric_replacement","present","present","USD","100","0.0048","0.0048","JLCPCB one-piece tier; live stock 234262, MOQ 1","https://jlcpcb.com/partdetail/26667-0402WGF8201TCE/C25924","2026-08-28","","","","","present","SUB-CTRL-PASSIVE","charger_prog_res"
"base_product","vishay_tnpw040210k0beed","Vishay TNPW040210K0BEED","1","active_orderable","verified_exact_precision_main_feedback_resistor","present","present","USD","100","0.1812","0.1812","DigiKey cut-tape quantity-100 tier","https://www.digikey.com/en/products/detail/vishay-dale/TNPW040210K0BEED/1857039","2026-08-24","","","","","present","SUB-CTRL-PASSIVE","main_fb_bottom"
"base_product","vishay_tnpw040243k7beed","Vishay TNPW040243K7BEED","1","active_orderable","verified_exact_precision_main_feedback_resistor","present","present","USD","100","0.3475","0.3475","DigiKey cut-tape quantity-100 tier","https://www.digikey.com/en/products/detail/vishay-dale/TNPW040243K7BEED/9448503","2026-08-24","","","","","present","SUB-CTRL-PASSIVE","main_fb_top"
"base_product","vishay_tsmp95000tt","Vishay TSMP95000TT","1","active_stocked_orderable","verified_exact_carrier_learning_ir_receiver","present","present","USD","100","1.06","1.06","Mouser quantity-100 tier","https://br.mouser.com/ProductDetail/Vishay-Semiconductors/TSMP95000TT?qs=ulEaXIWI0c%252BKGdRJO7yKyQ%3D%3D","2026-08-19","","","","","present","SUB-COMPUTE-RF","ir_carrier"
"base_product","vishay_tsop75238tr","Vishay TSOP75238TR","1","active_factory_stocked_standard_pcba_thin_stock","verified_exact_jlcpcb_stocked_robust_ir_receiver","present","present","USD","100","1.2231","1.2231","JLCPCB quantity-100 tier; public stock is below the 100-device requirement","https://jlcpcb.com/partdetail/x/C511498","2026-08-28","","","","","present","SUB-COMPUTE-RF","ir_demod"
"base_product","vishay_vemd1060x01","VEMD1060X01","1","active","verified_exact_ir_actual_optical_evidence_sensor","present","present","USD","100","0.5371","0.5371","DigiKey cut-tape quantity-100 tier","https://www.digikey.com/en/products/detail/vishay-semiconductor-opto-division/VEMD1060X01/5879087","2026-08-19","","","","","present","SUB-COMPUTE-RF","det_ir"
"base_product","vishay_vsmy14940","Vishay VSMY14940","1","active_stocked_orderable","verified_exact_consumer_ir_transmit_emitter","present","present","USD","100","0.5035","0.5035","DigiKey cut-tape quantity-100 tier","https://www.digikey.com/en/products/detail/vishay-semiconductor-opto-division/VSMY14940/4494435","2026-08-19","","","","","present","SUB-COMPUTE-RF","ir_emitter"
"base_product","vishay_wsl25125l000fea","Vishay WSL25125L000FEA","1","active","verified_candidate","present","present","USD","100","1.06","1.06","Mouser cut-tape quantity-100 tier","https://www.mouser.com/ProductDetail/Vishay-Dale/WSL25125L000FEA?qs=ViWNInbc%252BeWBpJ7mz8KqSA%3D%3D","2026-08-19","","","","","present","SUB-CTRL-PASSIVE","pack_shunt"
"regional_replaceable_cell_kit","xtar_18650_4000mah_protected","XTAR 18650 4000mAh","2","current_catalog","selected_qualification_target","present","missing","","","","","","","","regional_retail_only_no_quantity_100_tier","The official store exposes regional retail pricing but no exact quantity-100 tier or production quote for the protected no-USB cell","https://xtardirect.com/products/xtar-high-capacity-36v-18650-4000mah-10a-protected-lithium-ion-battery","2026-08-19","present","SUB-MECH-OPTICAL","pack_cell0;pack_cell1"
"base_product","yageo_cc0402krx7r9bb104","Yageo CC0402KRX7R9BB104","147","active_orderable","verified_exact_jlcpcb_stocked_standard_pcba","present","present","USD","100","0.0107","1.5729","JLCPCB one-piece tier; next displayed tier starts at 500 pieces","https://jlcpcb.com/partdetail/Yageo-CC0402KRX7R9BB104/C131394","2026-08-28","","","","","present","SUB-PWR-PASSIVE","aon_efuse_input_cap;audio_capture_buffer_bypass;audio_capture_selector_bypass;audio_rx_mux_bypass;audio_safe_gate_bypass;audio_speaker_selector_bypass;audio_tx_selector_bypass;backlight_efuse_input_cap;backlight_efuse_output_hf;c5_detector_bypass;c5_service_usb_switch_bypass;cc_avdd11_bypass;cc_avdd14_bypass;cc_avdd15_bypass;cc_avdd9_bypass;cc_backup_gate_bypass;cc_band_buffer_bypass;cc_dcoupl_cap;cc_detector_bypass;cc_dvdd_bypass;cc_host_buffer_bypass;cc_return_buffer_bypass;charger_pmid_hf_cap;charger_sys_hf_cap;charger_vbus_hf_cap;codec_avdd_bypass;codec_dvdd_bypass;codec_i2c_iso_bypass;codec_i2s_bclk_iso_bypass;codec_i2s_din_boot_gate_bypass;codec_i2s_din_iso_bypass;codec_i2s_dout_iso_bypass;codec_i2s_ws_iso_bypass;codec_pvdd_bypass;codec_supervisor_bypass;display_logic_hf_cap;evidence_cmp_a_bypass;evidence_cmp_b_bypass;evidence_cmp_voice_bypass;evidence_cmp_voice_v_bypass;evidence_main_isolator_bypass;evidence_mask_bypass;ext_branch_gate_bypass;ext_buck_hf_input_cap;ext_evidence_buffer_bypass;ext_request_or_bypass;headset_control_io_bypass;headset_mic_selector_bypass;ir_evidence_amp_bypass;ir_evidence_vref_cap;ir_power_output_bypass;ir_return_buffer_bypass;ir_safe_gate_bypass;main_hf_input_cap;nrf0_detector_bypass;nrf0_host_buffer_bypass;nrf0_module_hf_cap;nrf0_return_buffer_bypass;nrf1_detector_bypass;nrf1_host_buffer_bypass;nrf1_module_hf_cap;nrf1_return_buffer_bypass;nrf2_detector_bypass;nrf2_host_buffer_bypass;nrf2_module_hf_cap;nrf2_return_buffer_bypass;nrf_backup_gate_bypass;pack_admission_bypass;pack_batts_filter_cap;pack_cell1_filter_cap;pack_chg_gate_cap;pack_diag_timer_bypass;pack_dis_gate_cap;pack_in_bypass;pd_eeprom_bypass;power_command_filter;power_zone_temp_filter;ptt_filter_cap;receiver_i2c_iso_bypass;receiver_irq_iso_bypass;receiver_supervisor_bypass;receiver_vdd_bypass;rf_zone_temp_filter;rp_adc_avdd_bypass;rp_dvdd10_bypass;rp_dvdd32_bypass;rp_dvdd51_bypass;rp_iovdd15_bypass;rp_iovdd24_bypass;rp_iovdd29_bypass;rp_iovdd41_bypass;rp_iovdd50_bypass;rp_iovdd5_bypass;rp_iovdd60_bypass;rp_iovdd76_bypass;rp_qspi_iovdd_bypass;rp_service_usb_switch_bypass;rp_usb_otp_vdd_bypass;run_loop_filter;s3_detector_bypass;s3_supply_bypass;safe_c5_fault_reset_buffer_bypass;safe_c5_reset_buffer_bypass;safe_conditioner_bypass;safe_fault_reset_buffer_bypass;safe_gate_a_bypass;safe_gate_b_bypass;safe_latch_bypass;safe_ptt_or_bypass;safe_rearm_buffer_bypass;safe_reset_buffer_bypass;safe_run_fault_iso_bypass;safe_supervisor_bypass;safety_controller_bypass;safety_fault_request_iso_bypass;safety_s3_reset_iso_bypass;safety_watchdog_bypass;sd_detect_cap;sd_host_buffer_bypass;sd_miso_buffer_bypass;sd_power_hf_cap;slow_io_fault_sense_iso_bypass;slow_io_s3_evidence_iso_bypass;slow_io_vcci_bypass;slow_io_vccp_bypass;touch_irq_buffer_bypass;u214_host_buffer_a_bypass;u214_host_buffer_b_bypass;u214_i2c_iso_bypass;u214_return_buffer_bypass;u214_supervisor_bypass;ui_matrix_io_bypass;ui_zone_temp_filter;unit_signal_iso_vcca_bypass;unit_signal_iso_vccb_bypass;unit_supervisor_bypass;voice_audio_mux_bypass;voice_band_inverter_bypass;voice_band_io_bypass;voice_control_mux_a_bypass;voice_control_mux_b_bypass;voice_detector_bypass;voice_hf_input_cap;voice_hl_driver_bypass;voice_pd_gate_bypass;voice_supervisor_bypass;voice_v_detector_bypass"
"base_product","yageo_cc0603krx7r0bb104","Yageo CC0603KRX7R0BB104","1","active_factory_stocked_standard_pcba","verified_no_worse_jlcpcb_stocked_standard_pcba","present","present","USD","100","0.026","0.026","conservative JLCPCB one-piece tier","https://jlcpcb.com/partdetail/YAGEO-CC0603KRX7R0BB104/C113803","2026-08-28","","","","","present","SUB-PWR-PASSIVE","product_usb_vbias_cap"
"base_product","yageo_rc0402fr_07100kl","Yageo RC0402FR-07100KL","40","active","verified_candidate","present","present","USD","100","0.0097","0.388","DigiKey cut-tape quantity-100 tier","https://www.digikey.com/en/products/detail/yageo/RC0402FR-07100KL/726526","2026-08-19","","","","","present","SUB-CTRL-PASSIVE","aon_efuse_ovlo_bottom;audio_capture_local_bias_bottom;audio_capture_local_bias_top;audio_capture_mic_bias;audio_capture_rx_bias;audio_vmid_bottom;audio_vmid_top;c5_evidence_threshold_top;cc_evidence_threshold_top;charger_ilim_bottom;codec_ready_pulldown;fault_assert_sense_series;headset_absent_pulldown;headset_control_p1_pulldown;headset_control_p2_pulldown;headset_control_p3_pulldown;headset_control_p4_pulldown;headset_control_p5_pulldown;headset_control_p6_pulldown;headset_control_p7_pulldown;headset_mic_select_pullup;ir_evidence_threshold_top;ir_evidence_vref_top;main_en_pulldown;mic_tx_bias;nrf0_evidence_threshold_top;nrf1_evidence_threshold_top;nrf2_evidence_threshold_top;receiver_ready_pulldown;s3_evidence_threshold_top;safe_rearm_delay_res;si_audio_sum_bias;voice_audio_on_pulldown;voice_efuse_ovlo_bottom;voice_evidence_threshold_top;voice_rx_bias;voice_uart_rx_pulldown;voice_uart_tx_pulldown;voice_v_evidence_threshold_top;voice_v_uart_rx_pulldown"
"base_product","yageo_rc0402fr_07100rl","Yageo RC0402FR-07100RL","7","active","verified_candidate","present","present","USD","100","0.0097","0.0679","DigiKey cut-tape quantity-100 tier","https://www.digikey.com/en/products/detail/yageo/RC0402FR-07100RL/729474","2026-08-19","","","","","present","SUB-CTRL-PASSIVE","backlight_gate_series;charger_batp_res;ir_carrier_series;ir_carrier_supply_res;ir_demod_series;ir_demod_supply_res;ir_tx_gate_series"
"base_product","yageo_rc0402fr_0710kl","Yageo RC0402FR-0710KL","203","active","verified_candidate","present","present","USD","100","0.0097","1.9691","DigiKey cut-tape quantity-100 tier","https://www.digikey.com/en/products/detail/yageo/RC0402FR-0710KL/726523","2026-08-19","","","","","present","SUB-CTRL-PASSIVE","any_tx_aon_pullup;audio_arm_pulldown;audio_capture_sel_pulldown;audio_rx_sel_pulldown;audio_speaker_req_pulldown;audio_speaker_safe_pulldown;audio_tx_req_pulldown;audio_tx_safe_pulldown;backlight_fault_pullup;backlight_gate_pulldown;c5_boot_pullup;c5_dbg_id0_strap;c5_dbg_id1_strap;c5_detector_feedback_res;c5_detector_ground_res;c5_evidence_main_pullup;c5_evidence_output_pullup;c5_evidence_threshold_bottom;c5_gpio27_pullup;c5_reset_pullup;cc_band_v1_host_pulldown;cc_band_v2_host_pulldown;cc_evidence_hold_pulldown;cc_evidence_output_pullup;cc_evidence_threshold_bottom;cc_host_csn_pullup;cc_host_gdo0_pulldown;cc_host_gdo2_pulldown;cc_host_sclk_pulldown;cc_host_si_pulldown;cc_host_so_pulldown;cc_power_on_pulldown;cc_switch_a_v1_pulldown;cc_switch_a_v2_pulldown;cc_switch_b_v1_pulldown;cc_switch_b_v2_pulldown;charger_ce_pullup;charger_int_pullup;codec_ce_pullup;codec_power_on_pulldown;display_reset_pulldown;evidence_mask_p12_pulldown;evidence_mask_p13_pulldown;evidence_mask_p14_pulldown;evidence_mask_p15_pulldown;evidence_mask_p16_pulldown;evidence_mask_p17_pulldown;evidence_mask_scl_pullup;evidence_mask_sda_pullup;ext_any_req_pulldown;ext_en_pulldown;ext_evidence_input_pullup;ext_evidence_output_pullup;ext_pg_pullup;fault_assert_pullup;headphone_tip_detect_pullup;headset_detect_series;ir_carrier_host_pullup;ir_demod_host_pullup;ir_evidence_main_pullup;ir_evidence_output_pullup;ir_evidence_vref_bottom;ir_power_on_pulldown;ir_tx_carrier_pulldown;ir_tx_gate_pulldown;lcd_host_cs_pullup;nrf0_evidence_output_pullup;nrf0_evidence_threshold_bottom;nrf0_host_ce_pulldown;nrf0_host_csn_pullup;nrf0_host_irq_pullup;nrf0_host_miso_pulldown;nrf0_host_mosi_pulldown;nrf0_host_sck_pulldown;nrf0_module_ce_pulldown;nrf0_module_csn_pullup;nrf0_module_irq_pullup;nrf0_module_miso_pulldown;nrf0_module_mosi_pulldown;nrf0_module_sck_pulldown;nrf1_evidence_output_pullup;nrf1_evidence_threshold_bottom;nrf1_host_ce_pulldown;nrf1_host_csn_pullup;nrf1_host_irq_pullup;nrf1_host_miso_pulldown;nrf1_host_mosi_pulldown;nrf1_host_sck_pulldown;nrf1_module_ce_pulldown;nrf1_module_csn_pullup;nrf1_module_irq_pullup;nrf1_module_miso_pulldown;nrf1_module_mosi_pulldown;nrf1_module_sck_pulldown;nrf2_evidence_output_pullup;nrf2_evidence_threshold_bottom;nrf2_host_ce_pulldown;nrf2_host_csn_pullup;nrf2_host_irq_pullup;nrf2_host_miso_pulldown;nrf2_host_mosi_pulldown;nrf2_host_sck_pulldown;nrf2_module_ce_pulldown;nrf2_module_csn_pullup;nrf2_module_irq_pullup;nrf2_module_miso_pulldown;nrf2_module_mosi_pulldown;nrf2_module_sck_pulldown;nrf_evidence_hold_pulldown;nrf_power_on_pulldown;pack_alrt_pullup;pack_diag_gate_pulldown;pack_diag_trigger_pulldown;pack_gauge_scl_pullup;pack_gauge_sda_pullup;pack_hold_pullup;pack_hold_release_pulldown;pack_irq_gate_pulldown;pack_pfail_pullup;pd_eeprom_wp_pullup;power_fault_pullup;power_zone_temp_pullup;product_usb_fault_pullup;ptt_pullup;receiver_irq_pullup;receiver_power_on_pulldown;receiver_senb_pulldown;rf_zone_temp_pullup;rp_any_tx_main_pullup;rp_boot_pullup;rp_dbg_id0_strap;rp_dbg_id1_strap;rp_reset_pullup;run_loop_pullup;s3_boot_pullup;s3_dbg_id0_strap;s3_dbg_id1_strap;s3_detector_feedback_res;s3_detector_ground_res;s3_evidence_output_pullup;s3_evidence_threshold_bottom;s3_reset_gate_pullup;s3_reset_pullup;safe_c5_reset_gate_pullup;safe_latch_d_pullup;safe_por_pullup;safe_reset_gate_pullup;safety_fault_request_pulldown;safety_watchdog_mr_pullup;safety_watchdog_wdi_pulldown;safety_watchdog_wdo_pullup;sd_card_cmd_pullup;sd_card_dat0_pullup;sd_card_dat1_pullup;sd_card_dat2_pullup;sd_card_dat3_pullup;sd_detect_pullup;sd_host_cs_pullup;sd_host_d0_pulldown;sd_host_d1_pullup;sd_host_sck_pulldown;sd_on_pulldown;si_audio_l_sum;si_audio_r_sum;slow_io_fault_sense_pullup;slow_io_reset_pullup;slow_io_s3_evidence_pullup;speaker_amp_enable_pulldown;sys_int_pullup;touch_irq_pullup;touch_reset_pulldown;u214_req_pulldown;u214_supervisor_pullup;ui_input_down_pullup;ui_input_left_pullup;ui_input_ok_pullup;ui_input_right_pullup;ui_input_up_pullup;ui_zone_temp_pullup;unit_req_pulldown;unit_signal_iso_oe_pulldown;unit_supervisor_pullup;voice_band_p1_pulldown;voice_band_p2_pulldown;voice_band_p3_pulldown;voice_band_p4_pulldown;voice_band_p5_pulldown;voice_band_p6_pulldown;voice_band_p7_pulldown;voice_band_select_pulldown;voice_efuse_en_pullup;voice_en_pulldown;voice_evidence_hold_pulldown;voice_evidence_output_pullup;voice_evidence_threshold_bottom;voice_hl_req_pulldown;voice_pg_pullup;voice_ptt_pullup;voice_rx_series;voice_supervisor_pullup;voice_v_evidence_hold_pulldown;voice_v_evidence_threshold_bottom;voice_v_ptt_pullup"
"base_product","yageo_rc0402fr_07110kl","Yageo RC0402FR-07110KL","2","active_orderable","verified_candidate","present","present","USD","100","0.0097","0.0194","DigiKey cut-tape quantity-100 tier","https://www.digikey.com/en/products/detail/yageo/RC0402FR-07110KL/729478","2026-08-19","","","","","present","SUB-CTRL-PASSIVE","u214_supervisor_sense_top;unit_supervisor_sense_top"
"base_product","yageo_rc0402fr_0712kl","Yageo RC0402FR-0712KL","2","active","verified_candidate","present","present","USD","100","0.0097","0.0194","DigiKey cut-tape quantity-100 tier","https://www.digikey.com/en/products/detail/yageo/RC0402FR-0712KL/729479","2026-08-19","","","","","present","SUB-CTRL-PASSIVE","ir_evidence_threshold_bottom;voice_fb_bottom"
"base_product","yageo_rc0402fr_07169kl","Yageo RC0402FR-07169KL","5","active","verified_candidate","present","present","USD","100","0.0097","0.0485","DigiKey cut-tape quantity-100 tier","https://www.digikey.com/en/products/detail/yageo/RC0402FR-07169KL/5280860","2026-08-19","","","","","present","SUB-CTRL-PASSIVE","ext_ovlo_top;pack_diag_timer_res;pack_mid_adc_bottom;pack_stack_adc_bottom;unit_ovlo_top"
"base_product","yageo_rc0402fr_07196kl","Yageo RC0402FR-07196KL","1","active","verified_candidate","present","present","USD","100","0.0097","0.0097","DigiKey cut-tape quantity-100 tier","https://www.digikey.com/en/products/detail/yageo/RC0402FR-07196KL/5281889","2026-08-19","","","","","present","SUB-CTRL-PASSIVE","aon_efuse_ovlo_top"
"base_product","yageo_rc0402fr_071k82l","Yageo RC0402FR-071K82L","2","active_orderable","verified_h3_dc_margin_correction","present","present","USD","100","0.0097","0.0194","DigiKey cut-tape quantity-100 tier","https://www.digikey.com/en/products/detail/yageo/RC0402FR-071K82L/729468","2026-08-24","","","","","present","SUB-CTRL-PASSIVE","ext_rilm;unit_rilm"
"base_product","yageo_rc0402fr_071kl","Yageo RC0402FR-071KL","12","active_orderable","verified_exact_dbg10_and_boot_series_resistor","present","present","USD","100","0.0097","0.1164","DigiKey cut-tape quantity-100 tier","https://www.digikey.com/en/products/detail/yageo/RC0402FR-071KL/726513","2026-08-19","","","","","present","SUB-CTRL-PASSIVE","c5_dbg_boot_series;c5_dbg_reset_series;c5_dbg_vtref_series;ext_evidence_input_series;pack_pckp_res;rp_clock_series;rp_dbg_boot_series;rp_dbg_reset_series;rp_dbg_vtref_series;s3_dbg_boot_series;s3_dbg_reset_series;s3_dbg_vtref_series"
"base_product","yageo_rc0402fr_071ml","Yageo RC0402FR-071ML","12","active_orderable","verified_exact_data_only_service_vbus_bleeder","present","present","USD","100","0.0097","0.1164","DigiKey cut-tape quantity-100 tier","https://www.digikey.com/en/products/detail/yageo/RC0402FR-071ML/729462","2026-08-19","","","","","present","SUB-CTRL-PASSIVE","c5_evidence_hysteresis;c5_service_usb_vbus_bleeder;cc_evidence_hysteresis;fault_assert_backup_pulldown;ir_evidence_hysteresis;nrf0_evidence_hysteresis;nrf1_evidence_hysteresis;nrf2_evidence_hysteresis;rp_service_usb_vbus_bleeder;s3_evidence_hysteresis;voice_evidence_hysteresis;voice_v_evidence_hysteresis"
"base_product","yageo_rc0402fr_07220kl","Yageo RC0402FR-07220KL","11","active","verified_candidate","present","present","USD","100","0.0097","0.1067","DigiKey cut-tape quantity-100 tier","https://www.digikey.com/en/products/detail/yageo/RC0402FR-07220KL/726564","2026-08-19","","","","","present","SUB-CTRL-PASSIVE","ext_buck_fb_top;pack_mid_adc_top0;pack_mid_adc_top1;pack_stack_adc_top0;pack_stack_adc_top1;pack_stack_adc_top2;pack_stack_adc_top3;pack_stack_adc_top4;u214_supervisor_sense_bottom;unit_supervisor_sense_bottom;voice_supervisor_sense_bottom"
"base_product","yageo_rc0402fr_07220rl","Yageo RC0402FR-07220RL","2","active_orderable","verified_candidate","present","present","USD","100","0.0097","0.0194","DigiKey cut-tape quantity-100 tier","https://www.digikey.com/en/products/detail/yageo/RC0402FR-07220RL/729512","2026-08-19","","","","","present","SUB-CTRL-PASSIVE","headset_microphone_bias_filter_res;microphone_bias_filter_res"
"base_product","yageo_rc0402fr_07240kl","Yageo RC0402FR-07240KL","1","active","verified_candidate","present","present","USD","100","0.0009","0.0009","LCSC quantity-100 tier","https://www.lcsc.com/product-detail/Chip-Resistor-Surface-Mount_YAGEO-RC0402FR-07240KL_C138029.html","2026-08-19","","","","","present","SUB-CTRL-PASSIVE","aon_efuse_rilim"
"base_product","yageo_rc0402fr_0730k1l","Yageo RC0402FR-0730K1L","1","active","verified_candidate","present","present","USD","100","0.0097","0.0097","DigiKey cut-tape quantity-100 tier","https://www.digikey.com/en/products/detail/yageo/RC0402FR-0730K1L/726587","2026-08-19","","","","","present","SUB-CTRL-PASSIVE","charger_ts_bottom"
"base_product","yageo_rc0402fr_0730kl","Yageo RC0402FR-0730KL","2","active","verified_candidate","present","present","USD","100","0.0097","0.0194","DigiKey cut-tape quantity-100 tier","https://www.digikey.com/en/products/detail/yageo/RC0402FR-0730KL/726586","2026-08-19","","","","","present","SUB-CTRL-PASSIVE","ext_buck_fb_bottom;main_efuse_pg_bottom"
"base_product","yageo_rc0402fr_0733kl","Yageo RC0402FR-0733KL","1","active","verified_candidate","present","present","USD","100","0.0097","0.0097","DigiKey cut-tape quantity-100 tier","https://www.digikey.com/en/products/detail/yageo/RC0402FR-0733KL/726592","2026-08-19","","","","","present","SUB-CTRL-PASSIVE","voice_efuse_pg_bottom"
"base_product","yageo_rc0402fr_0733rl","Yageo RC0402FR-0733RL","1","active_orderable","verified_exact_rp2350_reference_regulator_resistor","present","present","USD","100","0.0103","0.0103","DigiKey cut-tape quantity-100 tier","https://www.digikey.com/en/products/detail/yageo/RC0402FR-0733RL/726593","2026-08-23","","","","","present","SUB-CTRL-PASSIVE","rp_vreg_avdd_filter_res"
"base_product","yageo_rc0402fr_073k32l","Yageo RC0402FR-073K32L","14","active","verified_candidate","present","present","USD","100","0.0097","0.1358","DigiKey cut-tape quantity-100 tier","https://www.digikey.com/en/products/detail/yageo/RC0402FR-073K32L/2827627","2026-08-19","","","","","present","SUB-CTRL-PASSIVE","encoder_a_pullup;encoder_b_pullup;ui_input_back_pullup;ui_input_encoder_pullup;ui_input_f1_pullup;ui_input_f2_pullup;ui_input_f3_pullup;ui_input_f4_pullup;ui_input_f5_pullup;ui_input_f6_pullup;ui_input_f7_pullup;ui_input_f8_pullup;ui_input_opt_pullup;voice_efuse_rilm"
"base_product","yageo_rc0402fr_0742k2l","Yageo RC0402FR-0742K2L","1","active","verified_candidate","present","present","USD","100","0.0049","0.0049","LCSC quantity-100 tier","https://www.lcsc.com/product-detail/Others_YAGEO-RC0402FR-0742K2L_C276270.html","2026-08-19","","","","","present","SUB-CTRL-PASSIVE","aon_mode_res"
"base_product","yageo_rc0402fr_0744k2l","Yageo RC0402FR-0744K2L","1","active","verified_candidate","present","present","USD","100","0.0052","0.0052","LCSC quantity-100 tier","https://www.lcsc.com/product-image/C354260.html","2026-08-19","","","","","present","SUB-CTRL-PASSIVE","charger_ilim_top"
"base_product","yageo_rc0402fr_0745k3l","Yageo RC0402FR-0745K3L","1","active","verified_candidate","present","present","USD","100","0.0097","0.0097","DigiKey cut-tape quantity-100 tier","https://www.digikey.com/en/products/detail/yageo/RC0402FR-0745K3L/726613","2026-08-19","","","","","present","SUB-CTRL-PASSIVE","main_efuse_pg_top"
"base_product","yageo_rc0402fr_07470rl","Yageo RC0402FR-07470RL","6","active_orderable","verified_exact_dbg10_uart_swd_series_resistor","present","present","USD","100","0.0097","0.0582","DigiKey cut-tape quantity-100 tier","https://www.digikey.com/en/products/detail/yageo/RC0402FR-07470RL/729566","2026-08-19","","","","","present","SUB-CTRL-PASSIVE","c5_dbg0_series;c5_dbg1_series;rp_dbg0_series;rp_dbg1_series;s3_dbg0_series;s3_dbg1_series"
"base_product","yageo_rc0402fr_0747kl","Yageo RC0402FR-0747KL","10","active","verified_candidate","present","present","USD","100","0.0097","0.097","DigiKey cut-tape quantity-100 tier","https://www.digikey.com/en/products/detail/yageo/RC0402FR-0747KL/726616","2026-08-19","","","","","present","SUB-CTRL-PASSIVE","aon_pg_pullup;ext_ovlo_bottom;ir_evidence_feedback;pack_admission_reset_pullup;power_command_pullup;safety_controller_reset_pullup;speaker_input_n_gain;speaker_input_p_gain;unit_ovlo_bottom;voice_supervisor_sense_top"
"base_product","yageo_rc0402fr_0749r9l","Yageo RC0402FR-0749R9L","5","active_orderable","verified_exact_nrf_coupler_isolated_port_termination","present","present","USD","100","0.0097","0.0485","DigiKey cut-tape quantity-100 tier","https://www.digikey.com/en/products/detail/yageo/RC0402FR-0749R9L/726621","2026-08-19","","","","","present","SUB-RF","c5_rf_coupler_termination;nrf0_coupler_termination;nrf1_coupler_termination;nrf2_coupler_termination;s3_rf_coupler_termination"
"base_product","yageo_rc0402fr_074k7l","Yageo RC0402FR-074K7L","1","active_stocked_orderable","verified_exact_ir_carrier_output_pullup","present","present","USD","100","0.0097","0.0097","DigiKey cut-tape quantity-100 tier","https://www.digikey.com/en/products/detail/yageo/RC0402FR-074K7L/2827563","2026-08-19","","","","","present","SUB-CTRL-PASSIVE","ir_carrier_pullup"
"base_product","yageo_rc0402fr_0752r3l","Yageo RC0402FR-0752R3L","5","active_orderable","verified_exact_ad8314_broadband_input_match","present","present","USD","100","0.0097","0.0485","DigiKey cut-tape quantity-100 tier","https://www.digikey.com/en/products/detail/yageo/RC0402FR-0752R3L/5281040","2026-08-19","","","","","present","SUB-RF","nrf0_detector_match;nrf1_detector_match;nrf2_detector_match;voice_detector_match;voice_v_detector_match"
"base_product","yageo_rc0402fr_0756kl","Yageo RC0402FR-0756KL","1","active_orderable","verified_exact_cc_bias_passive","present","present","USD","100","0.0097","0.0097","DigiKey cut-tape quantity-100 tier","https://www.digikey.com/en/products/detail/yageo/RC0402FR-0756KL/726635","2026-08-19","","","","","present","SUB-RF","cc_rbias_res"
"base_product","yageo_rc0402fr_075k1l","Yageo RC0402FR-075K1L","6","active_orderable","verified_exact_sa518_detector_series_attenuator_and_usb_type_c_rd","present","present","USD","100","0.0103","0.0618","DigiKey cut-tape quantity-100 tier","https://www.digikey.com/en/products/detail/yageo/RC0402FR-075K1L/726624","2026-08-19","","","","","present","SUB-CTRL-PASSIVE","c5_service_usb_cc1_rd;c5_service_usb_cc2_rd;rp_service_usb_cc1_rd;rp_service_usb_cc2_rd;voice_detector_series_attenuator;voice_v_detector_series_attenuator"
"base_product","yageo_rc0402fr_07620kl","Yageo RC0402FR-07620KL","1","active","verified_candidate","present","present","USD","100","0.0009","0.0009","LCSC quantity-100 tier","https://www.lcsc.com/product-detail/chip-resistor-surface-mount_yageo-rc0402fr-07620kl_C137952.html","2026-08-19","","","","","present","SUB-CTRL-PASSIVE","pack_diag_lockout_res"
"base_product","yageo_rc0402fr_0768kl","Yageo RC0402FR-0768KL","4","active","verified_candidate","present","present","USD","100","0.0097","0.0388","DigiKey cut-tape quantity-100 tier","https://www.digikey.com/en/products/detail/yageo/RC0402FR-0768KL/729598","2026-08-19","","","","","present","SUB-CTRL-PASSIVE","ext_pg_base_res;voice_efuse_pg_top;voice_fb_top;voice_pg_base_res"
"base_product","yageo_rc0402jr_070rl","Yageo RC0402JR-070RL","4","active_orderable","verified_candidate","present","present","USD","100","0.0048","0.0192","DigiKey cut-tape quantity-100 tier","https://www.digikey.com/en/products/detail/yageo/RC0402JR-070RL/729353","2026-08-19","","","","","present","SUB-CTRL-PASSIVE","audio_ground_link;backlight_series_resistor;codec_adc_n_series;codec_adc_p_series"
"base_product","yageo_rc0603fr_071kl","Yageo RC0603FR-071KL","4","active","verified_candidate","present","present","USD","100","0.0122","0.0488","DigiKey cut-tape quantity-100 tier","https://www.digikey.com/en/products/detail/yageo/RC0603FR-071KL/729790","2026-08-19","","","","","present","SUB-CTRL-PASSIVE","ext_bleeder;ptt_series;sd_detect_series;unit_bleeder"
"base_product","yageo_rt0402brd07100kl","Yageo RT0402BRD07100KL","1","active","verified_candidate","present","present","USD","100","0.0646","0.0646","DigiKey cut-tape quantity-100 tier","https://www.digikey.com/en/products/detail/yageo/RT0402BRD07100KL/5138791","2026-08-19","","","","","present","SUB-CTRL-PASSIVE","main_efuse_ovlo_bottom"
"base_product","yageo_rt0402brd07191kl","Yageo RT0402BRD07191KL","1","active","verified_candidate","present","present","USD","100","0.082","0.082","Mouser cut-tape quantity-100 tier","https://br.mouser.com/ProductDetail/YAGEO/RT0402BRD07191KL?qs=k2KEx2DUIRTNCS4INNWkNA%3D%3D","2026-08-19","","","","","present","SUB-CTRL-PASSIVE","main_efuse_ovlo_top"
